codigo,resolucao,tipo_margem,data_inicio,data_fim,margem_normal_comprovante,margem_normal_pct,margem_adicional_comprovante,margem_adicional_pct,margem_sustentabilidade_comprovante,margem_sustentabilidade_pct,ultima,ativa
84719012,cics_4,tecnologia_nacional,2024-11-11,2024-12-25,CFI ou PPB,0.1,portaria_DesIn,0.1,,,False,False
84734070,cics_4,tecnologia_nacional,2024-11-11,2024-12-25,CFI ou PPB,0.1,portaria_DesIn,0.1,,,False,False
84734090,cics_4,tecnologia_nacional,2024-11-11,2024-12-25,CFI ou PPB,0.1,portaria_DesIn,0.1,,,False,False
85071010,cics_4,tecnologia_nacional,2024-11-11,2024-12-25,CFI ou PPB,0.1,portaria_DesIn,0.1,,,False,False
85071090,cics_4,tecnologia_nacional,2024-11-11,2024-12-25,CFI ou PPB,0.1,portaria_DesIn,0.1,,,False,False
85176265,cics_7,tecnologia_nacional,2024-12-26,2025-05-01,CFI ou PPB,0.1,portaria_DesIn,0.1,,,False,False
85192000,cics_8,tecnologia_nacional,2025-05-02,,CFI ou PPB,0.1,portaria_DesIn,0.1,,,True,True
85234910,cics_8,tecnologia_nacional,2025-05-02,,CFI ou PPB,0.1,portaria_DesIn,0.1,,,True,True
85258913,cics_8,tecnologia_nacional,2025-05-02,,CFI ou PPB,0.1,portaria_DesIn,0.1,,,True,True
85258922,cics_8,tecnologia_nacional,2025-05-02,,CFI ou PPB,0.1,portaria_DesIn,0.1,,,True,True
85279990,cics_8,tecnologia_nacional,2025-05-02,,CFI ou PPB,0.1,portaria_DesIn,0.1,,,True,True
85299020,cics_8,tecnologia_nacional,2025-05-02,,CFI ou PPB,0.1,portaria_DesIn,0.1,,,True,True
85299090,cics_8,tecnologia_nacional,2025-05-02,,CFI ou PPB,0.1,portaria_DesIn,0.1,,,True,True
85311010,cics_7,tecnologia_nacional,2024-12-26,2025-05-01,CFI ou PPB,0.1,portaria_DesIn,0.1,,,False,False
85318000,cics_7,tecnologia_nacional,2024-12-26,2025-05-01,CFI ou PPB,0.1,portaria_DesIn,0.1,,,False,False
85409120,cics_8,tecnologia_nacional,2025-05-02,,CFI ou PPB,0.1,portaria_DesIn,0.1,,,True,True
85409190,cics_8,tecnologia_nacional,2025-05-02,,CFI ou PPB,0.1,portaria_DesIn,0.1,,,True,True
85412120,cics_7,tecnologia_nacional,2024-12-26,2025-05-01,CFI ou PPB,0.1,portaria_DesIn,0.1,,,False,False
85412920,cics_7,tecnologia_nacional,2024-12-26,2025-05-01,CFI ou PPB,0.1,portaria_DesIn,0.1,,,False,False
85414123,cics_7,tecnologia_nacional,2024-12-26,2025-05-01,CFI ou PPB,0.1,portaria_DesIn,0.1,,,False,False
85414210,cics_7,tecnologia_nacional,2024-12-26,2025-05-01,CFI ou PPB,0.1,portaria_DesIn,0.1,,,False,False
85411032,cics_7,tecnologia_nacional,2024-12-26,2025-05-01,CFI ou PPB,0.1,portaria_DesIn,0.1,,,False,False
85413021,cics_7,tecnologia_nacional,2024-12-26,2025-05-01,CFI ou PPB,0.1,portaria_DesIn,0.1,,,False,False
85423320,cics_4,tecnologia_nacional,2024-11-11,2024-12-25,CFI ou PPB,0.1,portaria_DesIn,0.1,,,False,False
85423920,cics_4,tecnologia_nacional,2024-11-11,2024-12-25,CFI ou PPB,0.1,portaria_DesIn,0.1,,,False,False
85437013,cics_4,tecnologia_nacional,2024-11-11,2024-12-25,CFI ou PPB,0.1,portaria_DesIn,0.1,,,False,False
85437040,cics_4,tecnologia_nacional,2024-11-11,2024-12-25,CFI ou PPB,0.1,portaria_DesIn,0.1,,,False,False
87012100,cics_7,conteudo_nacional,2024-12-26,2025-05-01,CFI,0.1,,,,,False,False
90065959,cics_8,tecnologia_nacional,2025-05-02,,CFI ou PPB,0.1,portaria_DesIn,0.1,,,True,True
90261029,cics_7,tecnologia_nacional,2024-12-26,2025-05-01,CFI ou PPB,0.1,portaria_DesIn,0.1,,,False,False
90269010,cics_7,tecnologia_nacional,2024-12-26,2025-05-01,CFI ou PPB,0.1,portaria_DesIn,0.1,,,False,False
90273020,cics_7,tecnologia_nacional,2024-12-26,2025-05-01,CFI ou PPB,0.1,portaria_DesIn,0.1,,,False,False
90303990,cics_4,tecnologia_nacional,2024-11-11,2024-12-25,CFI ou PPB,0.1,portaria_DesIn,0.1,,,False,False
90308410,cics_4,tecnologia_nacional,2024-11-11,2024-12-25,CFI ou PPB,0.1,portaria_DesIn,0.1,,,False,False
90318011,cics_4,tecnologia_nacional,2024-11-11,2024-12-25,CFI ou PPB,0.1,portaria_DesIn,0.1,,,False,False
90318020,cics_4,tecnologia_nacional,2024-11-11,2024-12-25,CFI ou PPB,0.1,portaria_DesIn,0.1,,,False,False
90328911,cics_4,tecnologia_nacional,2024-11-11,2024-12-25,CFI ou PPB,0.1,portaria_DesIn,0.1,,,False,False
30043939,cics_7,tecnologia_nacional,2024-12-26,2025-05-01,MedNac,0.05,MedIFANac,0.1,,,False,False
84295121,cics_3,conteudo_nacional,2024-11-10,2024-11-10,CFI,0.1,,,,,True,False
84295211,cics_3,conteudo_nacional,2024-11-10,2024-11-10,CFI,0.1,,,,,True,False
84295212,cics_3,conteudo_nacional,2024-11-10,2024-11-10,CFI,0.1,,,,,True,False
84304920,cics_3,conteudo_nacional,2024-11-10,2024-11-10,CFI,0.1,,,,,True,False
84306919,cics_3,conteudo_nacional,2024-11-10,2024-11-10,CFI,0.1,,,,,True,False
85369030,cics_4,tecnologia_nacional,2024-11-11,2024-12-25,CFI ou PPB,0.1,portaria_DesIn,0.1,,,False,False
85371020,cics_4,tecnologia_nacional,2024-11-11,2024-12-25,CFI ou PPB,0.1,portaria_DesIn,0.1,,,False,False
86039000,cics_1,conteudo_nacional,2024-09-01,2024-11-09,CFI,0.1,,,,,True,False
87011000,cics_3,conteudo_nacional,2024-11-10,2024-11-10,CFI,0.1,,,,,True,False
91012900,cics_8,tecnologia_nacional,2025-05-02,,CFI ou PPB,0.1,portaria_DesIn,0.1,,,True,True
91019100,cics_8,tecnologia_nacional,2025-05-02,,CFI ou PPB,0.1,portaria_DesIn,0.1,,,True,True
91081110,cics_8,tecnologia_nacional,2025-05-02,,CFI ou PPB,0.1,portaria_DesIn,0.1,,,True,True
91081190,cics_8,tecnologia_nacional,2025-05-02,,CFI ou PPB,0.1,portaria_DesIn,0.1,,,True,True
91082000,cics_8,tecnologia_nacional,2025-05-02,,CFI ou PPB,0.1,portaria_DesIn,0.1,,,True,True
91089000,cics_8,tecnologia_nacional,2025-05-02,,CFI ou PPB,0.1,portaria_DesIn,0.1,,,True,True
91112090,cics_8,tecnologia_nacional,2025-05-02,,CFI ou PPB,0.1,portaria_DesIn,0.1,,,True,True
84719012,cics_8,tecnologia_nacional,2025-05-02,,CFI ou PPB,0.1,portaria_DesIn,0.1,,,True,True
84734070,cics_8,tecnologia_nacional,2025-05-02,,CFI ou PPB,0.1,portaria_DesIn,0.1,,,True,True
84734090,cics_8,tecnologia_nacional,2025-05-02,,CFI ou PPB,0.1,portaria_DesIn,0.1,,,True,True
85071010,cics_8,tecnologia_nacional,2025-05-02,,CFI ou PPB,0.1,portaria_DesIn,0.1,,,True,True
85071090,cics_8,tecnologia_nacional,2025-05-02,,CFI ou PPB,0.1,portaria_DesIn,0.1,,,True,True
85176265,cics_4,tecnologia_nacional,2024-11-11,2024-12-25,CFI ou PPB,0.1,portaria_DesIn,0.1,,,False,False
85311010,cics_4,tecnologia_nacional,2024-11-11,2024-12-25,CFI ou PPB,0.1,portaria_DesIn,0.1,,,False,False
85318000,cics_4,tecnologia_nacional,2024-11-11,2024-12-25,CFI ou PPB,0.1,portaria_DesIn,0.1,,,False,False
85412120,cics_4,tecnologia_nacional,2024-11-11,2024-12-25,CFI ou PPB,0.1,portaria_DesIn,0.1,,,False,False
85412920,cics_4,tecnologia_nacional,2024-11-11,2024-12-25,CFI ou PPB,0.1,portaria_DesIn,0.1,,,False,False
85414123,cics_4,tecnologia_nacional,2024-11-11,2024-12-25,CFI ou PPB,0.1,portaria_DesIn,0.1,,,False,False
85414210,cics_4,tecnologia_nacional,2024-11-11,2024-12-25,CFI ou PPB,0.1,portaria_DesIn,0.1,,,False,False
85411032,cics_4,tecnologia_nacional,2024-11-11,2024-12-25,CFI ou PPB,0.1,portaria_DesIn,0.1,,,False,False
85413021,cics_4,tecnologia_nacional,2024-11-11,2024-12-25,CFI ou PPB,0.1,portaria_DesIn,0.1,,,False,False
85423320,cics_8,tecnologia_nacional,2025-05-02,,CFI ou PPB,0.1,portaria_DesIn,0.1,,,True,True
85423920,cics_8,tecnologia_nacional,2025-05-02,,CFI ou PPB,0.1,portaria_DesIn,0.1,,,True,True
85437013,cics_8,tecnologia_nacional,2025-05-02,,CFI ou PPB,0.1,portaria_DesIn,0.1,,,True,True
85437040,cics_8,tecnologia_nacional,2025-05-02,,CFI ou PPB,0.1,portaria_DesIn,0.1,,,True,True
87012100,cics_4,conteudo_nacional,2024-11-11,2024-12-25,CFI,0.1,,,,,False,False
90261029,cics_4,tecnologia_nacional,2024-11-11,2024-12-25,CFI ou PPB,0.1,portaria_DesIn,0.1,,,False,False
90269010,cics_4,tecnologia_nacional,2024-11-11,2024-12-25,CFI ou PPB,0.1,portaria_DesIn,0.1,,,False,False
90273020,cics_4,tecnologia_nacional,2024-11-11,2024-12-25,CFI ou PPB,0.1,portaria_DesIn,0.1,,,False,False
90303990,cics_8,tecnologia_nacional,2025-05-02,,CFI ou PPB,0.1,portaria_DesIn,0.1,,,True,True
90308410,cics_8,tecnologia_nacional,2025-05-02,,CFI ou PPB,0.1,portaria_DesIn,0.1,,,True,True
90318011,cics_8,tecnologia_nacional,2025-05-02,,CFI ou PPB,0.1,portaria_DesIn,0.1,,,True,True
90318020,cics_8,tecnologia_nacional,2025-05-02,,CFI ou PPB,0.1,portaria_DesIn,0.1,,,True,True
90328911,cics_8,tecnologia_nacional,2025-05-02,,CFI ou PPB,0.1,portaria_DesIn,0.1,,,True,True
30043939,cics_4,tecnologia_nacional,2024-11-11,2024-12-25,MedNac,0.05,MedIFANac,0.1,,,False,False
85369030,cics_8,tecnologia_nacional,2025-05-02,,CFI ou PPB,0.1,portaria_DesIn,0.1,,,True,True
85371020,cics_8,tecnologia_nacional,2025-05-02,,CFI ou PPB,0.1,portaria_DesIn,0.1,,,True,True
84719012,cics_7,tecnologia_nacional,2024-12-26,2025-05-01,CFI ou PPB,0.1,portaria_DesIn,0.1,,,False,False
84734070,cics_7,tecnologia_nacional,2024-12-26,2025-05-01,CFI ou PPB,0.1,portaria_DesIn,0.1,,,False,False
84734090,cics_7,tecnologia_nacional,2024-12-26,2025-05-01,CFI ou PPB,0.1,portaria_DesIn,0.1,,,False,False
85071010,cics_7,tecnologia_nacional,2024-12-26,2025-05-01,CFI ou PPB,0.1,portaria_DesIn,0.1,,,False,False
85071090,cics_7,tecnologia_nacional,2024-12-26,2025-05-01,CFI ou PPB,0.1,portaria_DesIn,0.1,,,False,False
85176265,cics_8,tecnologia_nacional,2025-05-02,,CFI ou PPB,0.1,portaria_DesIn,0.1,,,True,True
85311010,cics_8,tecnologia_nacional,2025-05-02,,CFI ou PPB,0.1,portaria_DesIn,0.1,,,True,True
85318000,cics_8,tecnologia_nacional,2025-05-02,,CFI ou PPB,0.1,portaria_DesIn,0.1,,,True,True
85412120,cics_8,tecnologia_nacional,2025-05-02,,CFI ou PPB,0.1,portaria_DesIn,0.1,,,True,True
85412920,cics_8,tecnologia_nacional,2025-05-02,,CFI ou PPB,0.1,portaria_DesIn,0.1,,,True,True
85414123,cics_8,tecnologia_nacional,2025-05-02,,CFI ou PPB,0.1,portaria_DesIn,0.1,,,True,True
85414210,cics_8,tecnologia_nacional,2025-05-02,,CFI ou PPB,0.1,portaria_DesIn,0.1,,,True,True
85411032,cics_8,tecnologia_nacional,2025-05-02,,CFI ou PPB,0.1,portaria_DesIn,0.1,,,True,True
85413021,cics_8,tecnologia_nacional,2025-05-02,,CFI ou PPB,0.1,portaria_DesIn,0.1,,,True,True
85423320,cics_7,tecnologia_nacional,2024-12-26,2025-05-01,CFI ou PPB,0.1,portaria_DesIn,0.1,,,False,False
85423920,cics_7,tecnologia_nacional,2024-12-26,2025-05-01,CFI ou PPB,0.1,portaria_DesIn,0.1,,,False,False
85437013,cics_7,tecnologia_nacional,2024-12-26,2025-05-01,CFI ou PPB,0.1,portaria_DesIn,0.1,,,False,False
85437040,cics_7,tecnologia_nacional,2024-12-26,2025-05-01,CFI ou PPB,0.1,portaria_DesIn,0.1,,,False,False
87012100,cics_8,conteudo_nacional,2025-05-02,,CFI,0.1,,,,,True,True
90261029,cics_8,tecnologia_nacional,2025-05-02,,CFI ou PPB,0.1,portaria_DesIn,0.1,,,True,True
90269010,cics_8,tecnologia_nacional,2025-05-02,,CFI ou PPB,0.1,portaria_DesIn,0.1,,,True,True
90273020,cics_8,tecnologia_nacional,2025-05-02,,CFI ou PPB,0.1,portaria_DesIn,0.1,,,True,True
90303990,cics_7,tecnologia_nacional,2024-12-26,2025-05-01,CFI ou PPB,0.1,portaria_DesIn,0.1,,,False,False
90308410,cics_7,tecnologia_nacional,2024-12-26,2025-05-01,CFI ou PPB,0.1,portaria_DesIn,0.1,,,False,False
90318011,cics_7,tecnologia_nacional,2024-12-26,2025-05-01,CFI ou PPB,0.1,portaria_DesIn,0.1,,,False,False
90318020,cics_7,tecnologia_nacional,2024-12-26,2025-05-01,CFI ou PPB,0.1,portaria_DesIn,0.1,,,False,False
90328911,cics_7,tecnologia_nacional,2024-12-26,2025-05-01,CFI ou PPB,0.1,portaria_DesIn,0.1,,,False,False
30043939,cics_8,tecnologia_nacional,2025-05-02,,MedNac,0.05,MedIFANac,0.1,,,True,True
85369030,cics_7,tecnologia_nacional,2024-12-26,2025-05-01,CFI ou PPB,0.1,portaria_DesIn,0.1,,,False,False
85371020,cics_7,tecnologia_nacional,2024-12-26,2025-05-01,CFI ou PPB,0.1,portaria_DesIn,0.1,,,False,False
85365030,cics_7,tecnologia_nacional,2024-12-26,2025-05-01,CFI ou PPB,0.1,portaria_DesIn,0.1,,,False,False
85447020,cics_4,tecnologia_nacional,2024-11-11,2024-12-25,CFI ou PPB,0.1,portaria_DesIn,0.1,,,False,False
86050010,cics_7,conteudo_nacional,2024-12-26,2025-05-01,CFI,0.1,,,,,False,False
85371011,cics_4,tecnologia_nacional,2024-11-11,2024-12-25,CFI ou PPB,0.1,portaria_DesIn,0.1,,,False,False
85371019,cics_4,tecnologia_nacional,2024-11-11,2024-12-25,CFI ou PPB,0.1,portaria_DesIn,0.1,,,False,False
85364100,cics_7,tecnologia_nacional,2024-12-26,2025-05-01,CFI ou PPB,0.1,portaria_DesIn,0.1,,,False,False
86069100,cics_4,conteudo_nacional,2024-11-11,2024-12-25,CFI,0.1,,,,,False,False
84238200,cics_4,tecnologia_nacional,2024-11-11,2024-12-25,CFI ou PPB,0.1,portaria_DesIn,0.1,,,False,False
84238900,cics_4,tecnologia_nacional,2024-11-11,2024-12-25,CFI ou PPB,0.1,portaria_DesIn,0.1,,,False,False
84291190,cics_7,conteudo_nacional,2024-12-26,2025-05-01,CFI,0.1,,,,,False,False
84295219,cics_7,conteudo_nacional,2024-12-26,2025-05-01,CFI,0.1,,,,,False,False
84303110,cics_4,conteudo_nacional,2024-11-11,2024-12-25,CFI,0.1,,,,,False,False
84303190,cics_4,conteudo_nacional,2024-11-11,2024-12-25,CFI,0.1,,,,,False,False
84304990,cics_4,conteudo_nacional,2024-11-11,2024-12-25,CFI,0.1,,,,,False,False
84433119,cics_7,tecnologia_nacional,2024-12-26,2025-05-01,CFI ou PPB,0.1,portaria_DesIn,0.1,,,False,False
84433232,cics_7,tecnologia_nacional,2024-12-26,2025-05-01,CFI ou PPB,0.1,portaria_DesIn,0.1,,,False,False
84433233,cics_7,tecnologia_nacional,2024-12-26,2025-05-01,CFI ou PPB,0.1,portaria_DesIn,0.1,,,False,False
84433235,cics_7,tecnologia_nacional,2024-12-26,2025-05-01,CFI ou PPB,0.1,portaria_DesIn,0.1,,,False,False
84433238,cics_7,tecnologia_nacional,2024-12-26,2025-05-01,CFI ou PPB,0.1,portaria_DesIn,0.1,,,False,False
84433930,cics_7,tecnologia_nacional,2024-12-26,2025-05-01,CFI ou PPB,0.1,portaria_DesIn,0.1,,,False,False
84439923,cics_7,tecnologia_nacional,2024-12-26,2025-05-01,CFI ou PPB,0.1,portaria_DesIn,0.1,,,False,False
84439939,cics_7,tecnologia_nacional,2024-12-26,2025-05-01,CFI ou PPB,0.1,portaria_DesIn,0.1,,,False,False
84439942,cics_7,tecnologia_nacional,2024-12-26,2025-05-01,CFI ou PPB,0.1,portaria_DesIn,0.1,,,False,False
84439980,cics_7,tecnologia_nacional,2024-12-26,2025-05-01,CFI ou PPB,0.1,portaria_DesIn,0.1,,,False,False
84238190,cics_4,tecnologia_nacional,2024-11-11,2024-12-25,CFI ou PPB,0.1,portaria_DesIn,0.1,,,False,False
84431321,cics_7,tecnologia_nacional,2024-12-26,2025-05-01,CFI ou PPB,0.1,portaria_DesIn,0.1,,,False,False
84431500,cics_7,tecnologia_nacional,2024-12-26,2025-05-01,CFI ou PPB,0.1,portaria_DesIn,0.1,,,False,False
84433239,cics_7,tecnologia_nacional,2024-12-26,2025-05-01,CFI ou PPB,0.1,portaria_DesIn,0.1,,,False,False
84433259,cics_7,tecnologia_nacional,2024-12-26,2025-05-01,CFI ou PPB,0.1,portaria_DesIn,0.1,,,False,False
84716090,cics_4,tecnologia_nacional,2024-11-11,2024-12-25,CFI ou PPB,0.1,portaria_DesIn,0.1,,,False,False
85171449,cics_7,tecnologia_nacional,2024-12-26,2025-05-01,CFI ou PPB,0.1,portaria_DesIn,0.1,,,False,False
85171300,cics_7,tecnologia_nacional,2024-12-26,2025-05-01,CFI ou PPB,0.1,portaria_DesIn,0.1,,,False,False
85176262,cics_7,tecnologia_nacional,2024-12-26,2025-05-01,CFI ou PPB,0.1,portaria_DesIn,0.1,,,False,False
85176294,cics_7,tecnologia_nacional,2024-12-26,2025-05-01,CFI ou PPB,0.1,portaria_DesIn,0.1,,,False,False
85177900,cics_7,tecnologia_nacional,2024-12-26,2025-05-01,CFI ou PPB,0.1,portaria_DesIn,0.1,,,False,False
85232110,cics_8,tecnologia_nacional,2025-05-02,,CFI ou PPB,0.1,portaria_DesIn,0.1,,,True,True
85232990,cics_8,tecnologia_nacional,2025-05-02,,CFI ou PPB,0.1,portaria_DesIn,0.1,,,True,True
85271300,cics_8,tecnologia_nacional,2025-05-02,,CFI ou PPB,0.1,portaria_DesIn,0.1,,,True,True
85272100,cics_8,tecnologia_nacional,2025-05-02,,CFI ou PPB,0.1,portaria_DesIn,0.1,,,True,True
85285900,cics_8,tecnologia_nacional,2025-05-02,,CFI ou PPB,0.1,portaria_DesIn,0.1,,,True,True
85412910,cics_7,tecnologia_nacional,2024-12-26,2025-05-01,CFI ou PPB,0.1,portaria_DesIn,0.1,,,False,False
85414112,cics_7,tecnologia_nacional,2024-12-26,2025-05-01,CFI ou PPB,0.1,portaria_DesIn,0.1,,,False,False
85411039,cics_7,tecnologia_nacional,2024-12-26,2025-05-01,CFI ou PPB,0.1,portaria_DesIn,0.1,,,False,False
85423939,cics_4,tecnologia_nacional,2024-11-11,2024-12-25,CFI ou PPB,0.1,portaria_DesIn,0.1,,,False,False
85423999,cics_4,tecnologia_nacional,2024-11-11,2024-12-25,CFI ou PPB,0.1,portaria_DesIn,0.1,,,False,False
85437092,cics_4,tecnologia_nacional,2024-11-11,2024-12-25,CFI ou PPB,0.1,portaria_DesIn,0.1,,,False,False
85437020,cics_4,tecnologia_nacional,2024-11-11,2024-12-25,CFI ou PPB,0.1,portaria_DesIn,0.1,,,False,False
87012300,cics_7,conteudo_nacional,2024-12-26,2025-05-01,CFI,0.1,,,,,False,False
87022000,cics_7,conteudo_nacional,2024-12-26,2025-05-01,CFI,0.1,,,,,False,False
90065320,cics_8,tecnologia_nacional,2025-05-02,,CFI ou PPB,0.1,portaria_DesIn,0.1,,,True,True
90065930,cics_8,tecnologia_nacional,2025-05-02,,CFI ou PPB,0.1,portaria_DesIn,0.1,,,True,True
90261021,cics_7,tecnologia_nacional,2024-12-26,2025-05-01,CFI ou PPB,0.1,portaria_DesIn,0.1,,,False,False
90272011,cics_7,tecnologia_nacional,2024-12-26,2025-05-01,CFI ou PPB,0.1,portaria_DesIn,0.1,,,False,False
90283019,cics_7,tecnologia_nacional,2024-12-26,2025-05-01,CFI ou PPB,0.1,portaria_DesIn,0.1,,,False,False
90289010,cics_7,tecnologia_nacional,2024-12-26,2025-05-01,CFI ou PPB,0.1,portaria_DesIn,0.1,,,False,False
90303910,cics_4,tecnologia_nacional,2024-11-11,2024-12-25,CFI ou PPB,0.1,portaria_DesIn,0.1,,,False,False
90302029,cics_4,tecnologia_nacional,2024-11-11,2024-12-25,CFI ou PPB,0.1,portaria_DesIn,0.1,,,False,False
90302010,cics_4,tecnologia_nacional,2024-11-11,2024-12-25,CFI ou PPB,0.1,portaria_DesIn,0.1,,,False,False
90304020,cics_4,tecnologia_nacional,2024-11-11,2024-12-25,CFI ou PPB,0.1,portaria_DesIn,0.1,,,False,False
90314910,cics_4,tecnologia_nacional,2024-11-11,2024-12-25,CFI ou PPB,0.1,portaria_DesIn,0.1,,,False,False
90318091,cics_4,tecnologia_nacional,2024-11-11,2024-12-25,CFI ou PPB,0.1,portaria_DesIn,0.1,,,False,False
90318099,cics_4,tecnologia_nacional,2024-11-11,2024-12-25,CFI ou PPB,0.1,portaria_DesIn,0.1,,,False,False
90318060,cics_4,tecnologia_nacional,2024-11-11,2024-12-25,CFI ou PPB,0.1,portaria_DesIn,0.1,,,False,False
30021239,cics_4,tecnologia_nacional,2024-11-11,2024-12-25,MedNac,0.05,MedIFANac,0.1,,,False,False
30043929,cics_7,tecnologia_nacional,2024-12-26,2025-05-01,MedNac,0.05,MedIFANac,0.1,,,False,False
30044990,cics_4,tecnologia_nacional,2024-11-11,2024-12-25,MedNac,0.05,MedIFANac,0.1,,,False,False
30042032,cics_7,tecnologia_nacional,2024-12-26,2025-05-01,MedNac,0.05,MedIFANac,0.1,,,False,False
30042049,cics_4,tecnologia_nacional,2024-11-11,2024-12-25,MedNac,0.05,MedIFANac,0.1,,,False,False
30049029,cics_4,tecnologia_nacional,2024-11-11,2024-12-25,MedNac,0.05,MedIFANac,0.1,,,False,False
30049067,cics_4,tecnologia_nacional,2024-11-11,2024-12-25,MedNac,0.05,MedIFANac,0.1,,,False,False
85365030,cics_4,tecnologia_nacional,2024-11-11,2024-12-25,CFI ou PPB,0.1,portaria_DesIn,0.1,,,False,False
85447020,cics_8,tecnologia_nacional,2025-05-02,,CFI ou PPB,0.1,portaria_DesIn,0.1,,,True,True
86050010,cics_4,conteudo_nacional,2024-11-11,2024-12-25,CFI,0.1,,,,,False,False
85371011,cics_8,tecnologia_nacional,2025-05-02,,CFI ou PPB,0.1,portaria_DesIn,0.1,,,True,True
85371019,cics_8,tecnologia_nacional,2025-05-02,,CFI ou PPB,0.1,portaria_DesIn,0.1,,,True,True
85364100,cics_4,tecnologia_nacional,2024-11-11,2024-12-25,CFI ou PPB,0.1,portaria_DesIn,0.1,,,False,False
86069100,cics_8,conteudo_nacional,2025-05-02,,CFI,0.1,,,,,True,True
84238200,cics_8,tecnologia_nacional,2025-05-02,,CFI ou PPB,0.1,portaria_DesIn,0.1,,,True,True
84238900,cics_8,tecnologia_nacional,2025-05-02,,CFI ou PPB,0.1,portaria_DesIn,0.1,,,True,True
84291190,cics_4,conteudo_nacional,2024-11-11,2024-12-25,CFI,0.1,,,,,False,False
84295219,cics_4,conteudo_nacional,2024-11-11,2024-12-25,CFI,0.1,,,,,False,False
84303110,cics_8,conteudo_nacional,2025-05-02,,CFI,0.1,,,,,True,True
84303190,cics_8,conteudo_nacional,2025-05-02,,CFI,0.1,,,,,True,True
84304990,cics_8,conteudo_nacional,2025-05-02,,CFI,0.1,,,,,True,True
84433119,cics_4,tecnologia_nacional,2024-11-11,2024-12-25,CFI ou PPB,0.1,portaria_DesIn,0.1,,,False,False
84433232,cics_4,tecnologia_nacional,2024-11-11,2024-12-25,CFI ou PPB,0.1,portaria_DesIn,0.1,,,False,False
84433233,cics_4,tecnologia_nacional,2024-11-11,2024-12-25,CFI ou PPB,0.1,portaria_DesIn,0.1,,,False,False
84433235,cics_4,tecnologia_nacional,2024-11-11,2024-12-25,CFI ou PPB,0.1,portaria_DesIn,0.1,,,False,False
84433238,cics_4,tecnologia_nacional,2024-11-11,2024-12-25,CFI ou PPB,0.1,portaria_DesIn,0.1,,,False,False
84433930,cics_4,tecnologia_nacional,2024-11-11,2024-12-25,CFI ou PPB,0.1,portaria_DesIn,0.1,,,False,False
84439923,cics_4,tecnologia_nacional,2024-11-11,2024-12-25,CFI ou PPB,0.1,portaria_DesIn,0.1,,,False,False
84439939,cics_4,tecnologia_nacional,2024-11-11,2024-12-25,CFI ou PPB,0.1,portaria_DesIn,0.1,,,False,False
84439942,cics_4,tecnologia_nacional,2024-11-11,2024-12-25,CFI ou PPB,0.1,portaria_DesIn,0.1,,,False,False
84439980,cics_4,tecnologia_nacional,2024-11-11,2024-12-25,CFI ou PPB,0.1,portaria_DesIn,0.1,,,False,False
84238190,cics_8,tecnologia_nacional,2025-05-02,,CFI ou PPB,0.1,portaria_DesIn,0.1,,,True,True
84431321,cics_4,tecnologia_nacional,2024-11-11,2024-12-25,CFI ou PPB,0.1,portaria_DesIn,0.1,,,False,False
84431500,cics_4,tecnologia_nacional,2024-11-11,2024-12-25,CFI ou PPB,0.1,portaria_DesIn,0.1,,,False,False
84433239,cics_4,tecnologia_nacional,2024-11-11,2024-12-25,CFI ou PPB,0.1,portaria_DesIn,0.1,,,False,False
84433259,cics_4,tecnologia_nacional,2024-11-11,2024-12-25,CFI ou PPB,0.1,portaria_DesIn,0.1,,,False,False
84716090,cics_8,tecnologia_nacional,2025-05-02,,CFI ou PPB,0.1,portaria_DesIn,0.1,,,True,True
85171449,cics_4,tecnologia_nacional,2024-11-11,2024-12-25,CFI ou PPB,0.1,portaria_DesIn,0.1,,,False,False
85171300,cics_4,tecnologia_nacional,2024-11-11,2024-12-25,CFI ou PPB,0.1,portaria_DesIn,0.1,,,False,False
85176262,cics_4,tecnologia_nacional,2024-11-11,2024-12-25,CFI ou PPB,0.1,portaria_DesIn,0.1,,,False,False
85176294,cics_4,tecnologia_nacional,2024-11-11,2024-12-25,CFI ou PPB,0.1,portaria_DesIn,0.1,,,False,False
85177900,cics_4,tecnologia_nacional,2024-11-11,2024-12-25,CFI ou PPB,0.1,portaria_DesIn,0.1,,,False,False
85412910,cics_4,tecnologia_nacional,2024-11-11,2024-12-25,CFI ou PPB,0.1,portaria_DesIn,0.1,,,False,False
85414112,cics_4,tecnologia_nacional,2024-11-11,2024-12-25,CFI ou PPB,0.1,portaria_DesIn,0.1,,,False,False
85411039,cics_4,tecnologia_nacional,2024-11-11,2024-12-25,CFI ou PPB,0.1,portaria_DesIn,0.1,,,False,False
85423939,cics_8,tecnologia_nacional,2025-05-02,,CFI ou PPB,0.1,portaria_DesIn,0.1,,,True,True
85423999,cics_8,tecnologia_nacional,2025-05-02,,CFI ou PPB,0.1,portaria_DesIn,0.1,,,True,True
85437092,cics_8,tecnologia_nacional,2025-05-02,,CFI ou PPB,0.1,portaria_DesIn,0.1,,,True,True
85437020,cics_8,tecnologia_nacional,2025-05-02,,CFI ou PPB,0.1,portaria_DesIn,0.1,,,True,True
87012300,cics_4,conteudo_nacional,2024-11-11,2024-12-25,CFI,0.1,,,,,False,False
87022000,cics_4,conteudo_nacional,2024-11-11,2024-12-25,CFI,0.1,,,,,False,False
90261021,cics_4,tecnologia_nacional,2024-11-11,2024-12-25,CFI ou PPB,0.1,portaria_DesIn,0.1,,,False,False
90272011,cics_4,tecnologia_nacional,2024-11-11,2024-12-25,CFI ou PPB,0.1,portaria_DesIn,0.1,,,False,False
90283019,cics_4,tecnologia_nacional,2024-11-11,2024-12-25,CFI ou PPB,0.1,portaria_DesIn,0.1,,,False,False
90289010,cics_4,tecnologia_nacional,2024-11-11,2024-12-25,CFI ou PPB,0.1,portaria_DesIn,0.1,,,False,False
90303910,cics_8,tecnologia_nacional,2025-05-02,,CFI ou PPB,0.1,portaria_DesIn,0.1,,,True,True
90302029,cics_8,tecnologia_nacional,2025-05-02,,CFI ou PPB,0.1,portaria_DesIn,0.1,,,True,True
90302010,cics_8,tecnologia_nacional,2025-05-02,,CFI ou PPB,0.1,portaria_DesIn,0.1,,,True,True
90304020,cics_8,tecnologia_nacional,2025-05-02,,CFI ou PPB,0.1,portaria_DesIn,0.1,,,True,True
90314910,cics_8,tecnologia_nacional,2025-05-02,,CFI ou PPB,0.1,portaria_DesIn,0.1,,,True,True
90318091,cics_8,tecnologia_nacional,2025-05-02,,CFI ou PPB,0.1,portaria_DesIn,0.1,,,True,True
90318099,cics_8,tecnologia_nacional,2025-05-02,,CFI ou PPB,0.1,portaria_DesIn,0.1,,,True,True
90318060,cics_8,tecnologia_nacional,2025-05-02,,CFI ou PPB,0.1,portaria_DesIn,0.1,,,True,True
30021239,cics_8,tecnologia_nacional,2025-05-02,,MedNac,0.05,MedIFANac,0.1,,,True,True
30043929,cics_4,tecnologia_nacional,2024-11-11,2024-12-25,MedNac,0.05,MedIFANac,0.1,,,False,False
30044990,cics_8,tecnologia_nacional,2025-05-02,,MedNac,0.05,MedIFANac,0.1,,,True,True
30042032,cics_4,tecnologia_nacional,2024-11-11,2024-12-25,MedNac,0.05,MedIFANac,0.1,,,False,False
30042049,cics_8,tecnologia_nacional,2025-05-02,,MedNac,0.05,MedIFANac,0.1,,,True,True
30049029,cics_8,tecnologia_nacional,2025-05-02,,MedNac,0.05,MedIFANac,0.1,,,True,True
30049067,cics_8,tecnologia_nacional,2025-05-02,,MedNac,0.05,MedIFANac,0.1,,,True,True
85365030,cics_8,tecnologia_nacional,2025-05-02,,CFI ou PPB,0.1,portaria_DesIn,0.1,,,True,True
85447020,cics_7,tecnologia_nacional,2024-12-26,2025-05-01,CFI ou PPB,0.1,portaria_DesIn,0.1,,,False,False
86050010,cics_8,conteudo_nacional,2025-05-02,,CFI,0.1,,,,,True,True
85371011,cics_7,tecnologia_nacional,2024-12-26,2025-05-01,CFI ou PPB,0.1,portaria_DesIn,0.1,,,False,False
85371019,cics_7,tecnologia_nacional,2024-12-26,2025-05-01,CFI ou PPB,0.1,portaria_DesIn,0.1,,,False,False
85364100,cics_8,tecnologia_nacional,2025-05-02,,CFI ou PPB,0.1,portaria_DesIn,0.1,,,True,True
86069100,cics_7,conteudo_nacional,2024-12-26,2025-05-01,CFI,0.1,,,,,False,False
84238200,cics_7,tecnologia_nacional,2024-12-26,2025-05-01,CFI ou PPB,0.1,portaria_DesIn,0.1,,,False,False
84238900,cics_7,tecnologia_nacional,2024-12-26,2025-05-01,CFI ou PPB,0.1,portaria_DesIn,0.1,,,False,False
84291190,cics_8,conteudo_nacional,2025-05-02,,CFI,0.1,,,,,True,True
84295219,cics_8,conteudo_nacional,2025-05-02,,CFI,0.1,,,,,True,True
84303110,cics_7,conteudo_nacional,2024-12-26,2025-05-01,CFI,0.1,,,,,False,False
84303190,cics_7,conteudo_nacional,2024-12-26,2025-05-01,CFI,0.1,,,,,False,False
84304990,cics_7,conteudo_nacional,2024-12-26,2025-05-01,CFI,0.1,,,,,False,False
84433119,cics_8,tecnologia_nacional,2025-05-02,,CFI ou PPB,0.1,portaria_DesIn,0.1,,,True,True
84433232,cics_8,tecnologia_nacional,2025-05-02,,CFI ou PPB,0.1,portaria_DesIn,0.1,,,True,True
84433233,cics_8,tecnologia_nacional,2025-05-02,,CFI ou PPB,0.1,portaria_DesIn,0.1,,,True,True
84433235,cics_8,tecnologia_nacional,2025-05-02,,CFI ou PPB,0.1,portaria_DesIn,0.1,,,True,True
84433238,cics_8,tecnologia_nacional,2025-05-02,,CFI ou PPB,0.1,portaria_DesIn,0.1,,,True,True
84433930,cics_8,tecnologia_nacional,2025-05-02,,CFI ou PPB,0.1,portaria_DesIn,0.1,,,True,True
84439923,cics_8,tecnologia_nacional,2025-05-02,,CFI ou PPB,0.1,portaria_DesIn,0.1,,,True,True
84439939,cics_8,tecnologia_nacional,2025-05-02,,CFI ou PPB,0.1,portaria_DesIn,0.1,,,True,True
84439942,cics_8,tecnologia_nacional,2025-05-02,,CFI ou PPB,0.1,portaria_DesIn,0.1,,,True,True
84439980,cics_8,tecnologia_nacional,2025-05-02,,CFI ou PPB,0.1,portaria_DesIn,0.1,,,True,True
84238190,cics_7,tecnologia_nacional,2024-12-26,2025-05-01,CFI ou PPB,0.1,portaria_DesIn,0.1,,,False,False
84431321,cics_8,tecnologia_nacional,2025-05-02,,CFI ou PPB,0.1,portaria_DesIn,0.1,,,True,True
84431500,cics_8,tecnologia_nacional,2025-05-02,,CFI ou PPB,0.1,portaria_DesIn,0.1,,,True,True
84433239,cics_8,tecnologia_nacional,2025-05-02,,CFI ou PPB,0.1,portaria_DesIn,0.1,,,True,True
84433259,cics_8,tecnologia_nacional,2025-05-02,,CFI ou PPB,0.1,portaria_DesIn,0.1,,,True,True
84716090,cics_7,tecnologia_nacional,2024-12-26,2025-05-01,CFI ou PPB,0.1,portaria_DesIn,0.1,,,False,False
85171449,cics_8,tecnologia_nacional,2025-05-02,,CFI ou PPB,0.1,portaria_DesIn,0.1,,,True,True
85171300,cics_8,tecnologia_nacional,2025-05-02,,CFI ou PPB,0.1,portaria_DesIn,0.1,,,True,True
85176262,cics_8,tecnologia_nacional,2025-05-02,,CFI ou PPB,0.1,portaria_DesIn,0.1,,,True,True
85176294,cics_8,tecnologia_nacional,2025-05-02,,CFI ou PPB,0.1,portaria_DesIn,0.1,,,True,True
85177900,cics_8,tecnologia_nacional,2025-05-02,,CFI ou PPB,0.1,portaria_DesIn,0.1,,,True,True
85412910,cics_8,tecnologia_nacional,2025-05-02,,CFI ou PPB,0.1,portaria_DesIn,0.1,,,True,True
85414112,cics_8,tecnologia_nacional,2025-05-02,,CFI ou PPB,0.1,portaria_DesIn,0.1,,,True,True
85411039,cics_8,tecnologia_nacional,2025-05-02,,CFI ou PPB,0.1,portaria_DesIn,0.1,,,True,True
85423939,cics_7,tecnologia_nacional,2024-12-26,2025-05-01,CFI ou PPB,0.1,portaria_DesIn,0.1,,,False,False
85423999,cics_7,tecnologia_nacional,2024-12-26,2025-05-01,CFI ou PPB,0.1,portaria_DesIn,0.1,,,False,False
85437092,cics_7,tecnologia_nacional,2024-12-26,2025-05-01,CFI ou PPB,0.1,portaria_DesIn,0.1,,,False,False
85437020,cics_7,tecnologia_nacional,2024-12-26,2025-05-01,CFI ou PPB,0.1,portaria_DesIn,0.1,,,False,False
87012300,cics_8,conteudo_nacional,2025-05-02,,CFI,0.1,,,,,True,True
87022000,cics_8,conteudo_nacional,2025-05-02,,CFI,0.1,,,,,True,True
90261021,cics_8,tecnologia_nacional,2025-05-02,,CFI ou PPB,0.1,portaria_DesIn,0.1,,,True,True
90272011,cics_8,tecnologia_nacional,2025-05-02,,CFI ou PPB,0.1,portaria_DesIn,0.1,,,True,True
90283019,cics_8,tecnologia_nacional,2025-05-02,,CFI ou PPB,0.1,portaria_DesIn,0.1,,,True,True
90289010,cics_8,tecnologia_nacional,2025-05-02,,CFI ou PPB,0.1,portaria_DesIn,0.1,,,True,True
90303910,cics_7,tecnologia_nacional,2024-12-26,2025-05-01,CFI ou PPB,0.1,portaria_DesIn,0.1,,,False,False
90302029,cics_7,tecnologia_nacional,2024-12-26,2025-05-01,CFI ou PPB,0.1,portaria_DesIn,0.1,,,False,False
90302010,cics_7,tecnologia_nacional,2024-12-26,2025-05-01,CFI ou PPB,0.1,portaria_DesIn,0.1,,,False,False
90304020,cics_7,tecnologia_nacional,2024-12-26,2025-05-01,CFI ou PPB,0.1,portaria_DesIn,0.1,,,False,False
90314910,cics_7,tecnologia_nacional,2024-12-26,2025-05-01,CFI ou PPB,0.1,portaria_DesIn,0.1,,,False,False
90318091,cics_7,tecnologia_nacional,2024-12-26,2025-05-01,CFI ou PPB,0.1,portaria_DesIn,0.1,,,False,False
90318099,cics_7,tecnologia_nacional,2024-12-26,2025-05-01,CFI ou PPB,0.1,portaria_DesIn,0.1,,,False,False
90318060,cics_7,tecnologia_nacional,2024-12-26,2025-05-01,CFI ou PPB,0.1,portaria_DesIn,0.1,,,False,False
30021239,cics_7,tecnologia_nacional,2024-12-26,2025-05-01,MedNac,0.05,MedIFANac,0.1,,,False,False
30043929,cics_8,tecnologia_nacional,2025-05-02,,MedNac,0.05,MedIFANac,0.1,,,True,True
30044990,cics_7,tecnologia_nacional,2024-12-26,2025-05-01,MedNac,0.05,MedIFANac,0.1,,,False,False
30042032,cics_8,tecnologia_nacional,2025-05-02,,MedNac,0.05,MedIFANac,0.1,,,True,True
30042049,cics_7,tecnologia_nacional,2024-12-26,2025-05-01,MedNac,0.05,MedIFANac,0.1,,,False,False
30049029,cics_7,tecnologia_nacional,2024-12-26,2025-05-01,MedNac,0.05,MedIFANac,0.1,,,False,False
30049067,cics_7,tecnologia_nacional,2024-12-26,2025-05-01,MedNac,0.05,MedIFANac,0.1,,,False,False
84291910,cics_3,conteudo_nacional,2024-11-10,2024-11-10,CFI,0.1,,,,,True,False
84295119,cics_3,conteudo_nacional,2024-11-10,2024-11-10,CFI,0.1,,,,,True,False
84295219,cics_3,conteudo_nacional,2024-11-10,2024-11-10,CFI,0.1,,,,,True,False
84304130,cics_3,conteudo_nacional,2024-11-10,2024-11-10,CFI,0.1,,,,,True,False
84301000,cics_3,conteudo_nacional,2024-11-10,2024-11-10,CFI,0.1,,,,,True,False
84791010,cics_3,conteudo_nacional,2024-11-10,2024-11-10,CFI,0.1,,,,,True,False
85013320,cics_4,conteudo_nacional,2024-11-11,2024-12-25,CFI-A,0.1,,,,,False,False
85308010,cics_7,tecnologia_nacional,2024-12-26,2025-05-01,CFI ou PPB,0.1,portaria_DesIn,0.1,,,False,False
85322310,cics_4,tecnologia_nacional,2024-11-11,2024-12-25,CFI ou PPB,0.1,portaria_DesIn,0.1,,,False,False
86021000,cics_1,conteudo_nacional,2024-09-01,2024-11-09,CFI,0.1,,,,,True,False
86069900,cics_1,conteudo_nacional,2024-09-01,2024-11-09,CFI,0.1,,,,,True,False
87029000,cics_1,conteudo_nacional,2024-09-01,2024-11-09,CFI,0.1,,,,,True,False
87079090,cics_1,conteudo_nacional,2024-09-01,2024-11-09,CFI,0.1,,,,,False,False
84239029,cics_4,tecnologia_nacional,2024-11-11,2024-12-25,CFI ou PPB,0.1,portaria_DesIn,0.1,,,False,False
84291110,cics_7,conteudo_nacional,2024-12-26,2025-05-01,CFI,0.1,,,,,False,False
84295192,cics_7,conteudo_nacional,2024-12-26,2025-05-01,CFI,0.1,,,,,False,False
84295220,cics_7,conteudo_nacional,2024-12-26,2025-05-01,CFI,0.1,,,,,False,False
84295900,cics_7,conteudo_nacional,2024-12-26,2025-05-01,CFI,0.1,,,,,False,False
84292090,cics_7,conteudo_nacional,2024-12-26,2025-05-01,CFI,0.1,,,,,False,False
84304190,cics_4,conteudo_nacional,2024-11-11,2024-12-25,CFI,0.1,,,,,False,False
84306990,cics_4,conteudo_nacional,2024-11-11,2024-12-25,CFI,0.1,,,,,False,False
84306100,cics_4,conteudo_nacional,2024-11-11,2024-12-25,CFI,0.1,,,,,False,False
84431600,cics_7,tecnologia_nacional,2024-12-26,2025-05-01,CFI ou PPB,0.1,portaria_DesIn,0.1,,,False,False
84433252,cics_7,tecnologia_nacional,2024-12-26,2025-05-01,CFI ou PPB,0.1,portaria_DesIn,0.1,,,False,False
84433299,cics_7,tecnologia_nacional,2024-12-26,2025-05-01,CFI ou PPB,0.1,portaria_DesIn,0.1,,,False,False
84714900,cics_4,tecnologia_nacional,2024-11-11,2024-12-25,CFI ou PPB,0.1,portaria_DesIn,0.1,,,False,False
84716052,cics_4,tecnologia_nacional,2024-11-11,2024-12-25,CFI ou PPB,0.1,portaria_DesIn,0.1,,,False,False
84716062,cics_4,tecnologia_nacional,2024-11-11,2024-12-25,CFI ou PPB,0.1,portaria_DesIn,0.1,,,False,False
84732910,cics_4,tecnologia_nacional,2024-11-11,2024-12-25,CFI ou PPB,0.1,portaria_DesIn,0.1,,,False,False
85073090,cics_4,tecnologia_nacional,2024-11-11,2024-12-25,CFI ou PPB,0.1,portaria_DesIn,0.1,,,False,False
85171490,cics_7,tecnologia_nacional,2024-12-26,2025-05-01,CFI ou PPB,0.1,portaria_DesIn,0.1,,,False,False
85176130,cics_7,tecnologia_nacional,2024-12-26,2025-05-01,CFI ou PPB,0.1,portaria_DesIn,0.1,,,False,False
85176273,cics_7,tecnologia_nacional,2024-12-26,2025-05-01,CFI ou PPB,0.1,portaria_DesIn,0.1,,,False,False
85176296,cics_7,tecnologia_nacional,2024-12-26,2025-05-01,CFI ou PPB,0.1,portaria_DesIn,0.1,,,False,False
85198110,cics_8,tecnologia_nacional,2025-05-02,,CFI ou PPB,0.1,portaria_DesIn,0.1,,,True,True
85235110,cics_8,tecnologia_nacional,2025-05-02,,CFI ou PPB,0.1,portaria_DesIn,0.1,,,True,True
85235190,cics_8,tecnologia_nacional,2025-05-02,,CFI ou PPB,0.1,portaria_DesIn,0.1,,,True,True
85261000,cics_7,tecnologia_nacional,2024-12-26,2025-05-01,CFI ou PPB,0.1,portaria_DesIn,0.1,,,False,False
85319000,cics_7,tecnologia_nacional,2024-12-26,2025-05-01,CFI ou PPB,0.1,portaria_DesIn,0.1,,,False,False
85402090,cics_8,tecnologia_nacional,2025-05-02,,CFI ou PPB,0.1,portaria_DesIn,0.1,,,True,True
85414220,cics_7,tecnologia_nacional,2024-12-26,2025-05-01,CFI ou PPB,0.1,portaria_DesIn,0.1,,,False,False
85423390,cics_4,tecnologia_nacional,2024-11-11,2024-12-25,CFI ou PPB,0.1,portaria_DesIn,0.1,,,False,False
85423911,cics_4,tecnologia_nacional,2024-11-11,2024-12-25,CFI ou PPB,0.1,portaria_DesIn,0.1,,,False,False
85437032,cics_4,tecnologia_nacional,2024-11-11,2024-12-25,CFI ou PPB,0.1,portaria_DesIn,0.1,,,False,False
85437036,cics_4,tecnologia_nacional,2024-11-11,2024-12-25,CFI ou PPB,0.1,portaria_DesIn,0.1,,,False,False
86039000,cics_7,conteudo_nacional,2024-12-26,2025-05-01,CFI,0.1,,,,,False,False
87012900,cics_7,conteudo_nacional,2024-12-26,2025-05-01,CFI,0.1,,,,,False,False
87024010,cics_7,conteudo_nacional,2024-12-26,2025-05-01,CFI,0.1,,,,,False,False
90069110,cics_8,tecnologia_nacional,2025-05-02,,CFI ou PPB,0.1,portaria_DesIn,0.1,,,True,True
90072020,cics_8,tecnologia_nacional,2025-05-02,,CFI ou PPB,0.1,portaria_DesIn,0.1,,,True,True
90262010,cics_7,tecnologia_nacional,2024-12-26,2025-05-01,CFI ou PPB,0.1,portaria_DesIn,0.1,,,False,False
90268000,cics_7,tecnologia_nacional,2024-12-26,2025-05-01,CFI ou PPB,0.1,portaria_DesIn,0.1,,,False,False
90308930,cics_4,tecnologia_nacional,2024-11-11,2024-12-25,CFI ou PPB,0.1,portaria_DesIn,0.1,,,False,False
90309090,cics_4,tecnologia_nacional,2024-11-11,2024-12-25,CFI ou PPB,0.1,portaria_DesIn,0.1,,,False,False
90328923,cics_4,tecnologia_nacional,2024-11-11,2024-12-25,CFI ou PPB,0.1,portaria_DesIn,0.1,,,False,False
30049019,cics_7,tecnologia_nacional,2024-12-26,2025-05-01,MedNac,0.05,MedIFANac,0.1,,,False,False
30049021,cics_4,tecnologia_nacional,2024-11-11,2024-12-25,MedNac,0.05,MedIFANac,0.1,,,False,False
30049049,cics_4,tecnologia_nacional,2024-11-11,2024-12-25,MedNac,0.05,MedIFANac,0.1,,,False,False
84291110,cics_3,conteudo_nacional,2024-11-10,2024-11-10,CFI,0.1,,,,,True,False
84291990,cics_3,conteudo_nacional,2024-11-10,2024-11-10,CFI,0.1,,,,,True,False
84295290,cics_3,conteudo_nacional,2024-11-10,2024-11-10,CFI,0.1,,,,,True,False
85017100,cics_3,conteudo_nacional,2024-11-10,2024-11-10,CFI-A,0.1,,,,,True,False
85414300,cics_3,conteudo_nacional,2024-11-10,2024-11-10,CFI,0.1,,,,,False,False
87012100,cics_3,conteudo_nacional,2024-11-10,2024-11-10,CFI,0.1,,,,,True,False
84239021,cics_4,tecnologia_nacional,2024-11-11,2024-12-25,CFI ou PPB,0.1,portaria_DesIn,0.1,,,False,False
84303910,cics_4,conteudo_nacional,2024-11-11,2024-12-25,CFI,0.1,,,,,False,False
84304910,cics_4,conteudo_nacional,2024-11-11,2024-12-25,CFI,0.1,,,,,False,False
84433115,cics_7,tecnologia_nacional,2024-12-26,2025-05-01,CFI ou PPB,0.1,portaria_DesIn,0.1,,,False,False
84433199,cics_7,tecnologia_nacional,2024-12-26,2025-05-01,CFI ou PPB,0.1,portaria_DesIn,0.1,,,False,False
84433221,cics_7,tecnologia_nacional,2024-12-26,2025-05-01,CFI ou PPB,0.1,portaria_DesIn,0.1,,,False,False
84439912,cics_7,tecnologia_nacional,2024-12-26,2025-05-01,CFI ou PPB,0.1,portaria_DesIn,0.1,,,False,False
84713090,cics_4,tecnologia_nacional,2024-11-11,2024-12-25,CFI ou PPB,0.1,portaria_DesIn,0.1,,,False,False
84719019,cics_4,tecnologia_nacional,2024-11-11,2024-12-25,CFI ou PPB,0.1,portaria_DesIn,0.1,,,False,False
84719090,cics_4,tecnologia_nacional,2024-11-11,2024-12-25,CFI ou PPB,0.1,portaria_DesIn,0.1,,,False,False
84735090,cics_4,tecnologia_nacional,2024-11-11,2024-12-25,CFI ou PPB,0.1,portaria_DesIn,0.1,,,False,False
85073019,cics_4,tecnologia_nacional,2024-11-11,2024-12-25,CFI ou PPB,0.1,portaria_DesIn,0.1,,,False,False
85076000,cics_4,tecnologia_nacional,2024-11-11,2024-12-25,CFI ou PPB,0.1,portaria_DesIn,0.1,,,False,False
85171100,cics_7,tecnologia_nacional,2024-12-26,2025-05-01,CFI ou PPB,0.1,portaria_DesIn,0.1,,,False,False
85176141,cics_7,tecnologia_nacional,2024-12-26,2025-05-01,CFI ou PPB,0.1,portaria_DesIn,0.1,,,False,False
85176191,cics_7,tecnologia_nacional,2024-12-26,2025-05-01,CFI ou PPB,0.1,portaria_DesIn,0.1,,,False,False
85176252,cics_7,tecnologia_nacional,2024-12-26,2025-05-01,CFI ou PPB,0.1,portaria_DesIn,0.1,,,False,False
85176253,cics_7,tecnologia_nacional,2024-12-26,2025-05-01,CFI ou PPB,0.1,portaria_DesIn,0.1,,,False,False
85176277,cics_7,tecnologia_nacional,2024-12-26,2025-05-01,CFI ou PPB,0.1,portaria_DesIn,0.1,,,False,False
85176299,cics_7,tecnologia_nacional,2024-12-26,2025-05-01,CFI ou PPB,0.1,portaria_DesIn,0.1,,,False,False
85198120,cics_8,tecnologia_nacional,2025-05-02,,CFI ou PPB,0.1,portaria_DesIn,0.1,,,True,True
85211089,cics_8,tecnologia_nacional,2025-05-02,,CFI ou PPB,0.1,portaria_DesIn,0.1,,,True,True
85211090,cics_8,tecnologia_nacional,2025-05-02,,CFI ou PPB,0.1,portaria_DesIn,0.1,,,True,True
85232911,cics_8,tecnologia_nacional,2025-05-02,,CFI ou PPB,0.1,portaria_DesIn,0.1,,,True,True
85291090,cics_8,tecnologia_nacional,2025-05-02,,CFI ou PPB,0.1,portaria_DesIn,0.1,,,True,True
85299011,cics_8,tecnologia_nacional,2025-05-02,,CFI ou PPB,0.1,portaria_DesIn,0.1,,,True,True
85299019,cics_8,tecnologia_nacional,2025-05-02,,CFI ou PPB,0.1,portaria_DesIn,0.1,,,True,True
85408990,cics_8,tecnologia_nacional,2025-05-02,,CFI ou PPB,0.1,portaria_DesIn,0.1,,,True,True
85416090,cics_7,tecnologia_nacional,2024-12-26,2025-05-01,CFI ou PPB,0.1,portaria_DesIn,0.1,,,False,False
85423120,cics_4,tecnologia_nacional,2024-11-11,2024-12-25,CFI ou PPB,0.1,portaria_DesIn,0.1,,,False,False
85423190,cics_4,tecnologia_nacional,2024-11-11,2024-12-25,CFI ou PPB,0.1,portaria_DesIn,0.1,,,False,False
85423221,cics_4,tecnologia_nacional,2024-11-11,2024-12-25,CFI ou PPB,0.1,portaria_DesIn,0.1,,,False,False
85437033,cics_4,tecnologia_nacional,2024-11-11,2024-12-25,CFI ou PPB,0.1,portaria_DesIn,0.1,,,False,False
87019410,cics_7,conteudo_nacional,2024-12-26,2025-05-01,CFI,0.1,,,,,False,False
90262090,cics_7,tecnologia_nacional,2024-12-26,2025-05-01,CFI ou PPB,0.1,portaria_DesIn,0.1,,,False,False
90278100,cics_7,tecnologia_nacional,2024-12-26,2025-05-01,CFI ou PPB,0.1,portaria_DesIn,0.1,,,False,False
90272021,cics_7,tecnologia_nacional,2024-12-26,2025-05-01,CFI ou PPB,0.1,portaria_DesIn,0.1,,,False,False
90283039,cics_7,tecnologia_nacional,2024-12-26,2025-05-01,CFI ou PPB,0.1,portaria_DesIn,0.1,,,False,False
90301090,cics_4,tecnologia_nacional,2024-11-11,2024-12-25,CFI ou PPB,0.1,portaria_DesIn,0.1,,,False,False
90302021,cics_4,tecnologia_nacional,2024-11-11,2024-12-25,CFI ou PPB,0.1,portaria_DesIn,0.1,,,False,False
90304090,cics_4,tecnologia_nacional,2024-11-11,2024-12-25,CFI ou PPB,0.1,portaria_DesIn,0.1,,,False,False
90318050,cics_4,tecnologia_nacional,2024-11-11,2024-12-25,CFI ou PPB,0.1,portaria_DesIn,0.1,,,False,False
90329091,cics_4,tecnologia_nacional,2024-11-11,2024-12-25,CFI ou PPB,0.1,portaria_DesIn,0.1,,,False,False
24049200,cics_7,tecnologia_nacional,2024-12-26,2025-05-01,MedNac,0.05,MedIFANac,0.1,,,False,False
30024121,cics_4,tecnologia_nacional,2024-11-11,2024-12-25,MedNac,0.05,MedIFANac,0.1,,,False,False
30024210,cics_7,tecnologia_nacional,2024-12-26,2025-05-01,MedNac,0.05,MedIFANac,0.1,,,False,False
30043999,cics_4,tecnologia_nacional,2024-11-11,2024-12-25,MedNac,0.05,MedIFANac,0.1,,,False,False
30049036,cics_4,tecnologia_nacional,2024-11-11,2024-12-25,MedNac,0.05,MedIFANac,0.1,,,False,False
30049059,cics_7,tecnologia_nacional,2024-12-26,2025-05-01,MedNac,0.05,MedIFANac,0.1,,,False,False
30049065,cics_7,tecnologia_nacional,2024-12-26,2025-05-01,MedNac,0.05,MedIFANac,0.1,,,False,False
84295129,cics_3,conteudo_nacional,2024-11-10,2024-11-10,CFI,0.1,,,,,True,False
84295192,cics_3,conteudo_nacional,2024-11-10,2024-11-10,CFI,0.1,,,,,True,False
84304910,cics_3,conteudo_nacional,2024-11-10,2024-11-10,CFI,0.1,,,,,True,False
84302000,cics_3,conteudo_nacional,2024-11-10,2024-11-10,CFI,0.1,,,,,True,False
84798290,cics_3,conteudo_nacional,2024-11-10,2024-11-10,CFI,0.1,,,,,True,False
84798999,cics_4,tecnologia_nacional,2024-11-11,2024-12-25,CFI ou PPB,0.1,portaria_DesIn,0.1,,,False,False
85013120,cics_3,conteudo_nacional,2024-11-10,2024-11-10,CFI-A,0.1,,,,,False,False
85013420,cics_4,conteudo_nacional,2024-11-11,2024-12-25,CFI-A,0.1,,,,,False,False
85118030,cics_4,tecnologia_nacional,2024-11-11,2024-12-25,CFI ou PPB,0.1,portaria_DesIn,0.1,,,False,False
85284200,cics_4,tecnologia_nacional,2024-11-11,2024-12-25,CFI ou PPB,0.1,portaria_DesIn,0.1,,,False,False
85372090,cics_7,conteudo_nacional,2024-12-26,2025-05-01,CFI,0.1,,,,,False,False
87021000,cics_1,conteudo_nacional,2024-09-01,2024-11-09,CFI,0.1,,,,,True,False
84295129,cics_7,conteudo_nacional,2024-12-26,2025-05-01,CFI,0.1,,,,,False,False
84306911,cics_4,conteudo_nacional,2024-11-11,2024-12-25,CFI,0.1,,,,,False,False
84431790,cics_7,tecnologia_nacional,2024-12-26,2025-05-01,CFI ou PPB,0.1,portaria_DesIn,0.1,,,False,False
84431200,cics_7,tecnologia_nacional,2024-12-26,2025-05-01,CFI ou PPB,0.1,portaria_DesIn,0.1,,,False,False
84433234,cics_7,tecnologia_nacional,2024-12-26,2025-05-01,CFI ou PPB,0.1,portaria_DesIn,0.1,,,False,False
85013320,cics_8,conteudo_nacional,2025-05-02,,CFI-A,0.1,,,,,True,True
85308010,cics_4,tecnologia_nacional,2024-11-11,2024-12-25,CFI ou PPB,0.1,portaria_DesIn,0.1,,,False,False
85322310,cics_8,tecnologia_nacional,2025-05-02,,CFI ou PPB,0.1,portaria_DesIn,0.1,,,True,True
87079090,cics_7,conteudo_nacional,2024-12-26,2025-05-01,CFI,0.1,,,,,False,False
84239029,cics_8,tecnologia_nacional,2025-05-02,,CFI ou PPB,0.1,portaria_DesIn,0.1,,,True,True
84291110,cics_4,conteudo_nacional,2024-11-11,2024-12-25,CFI,0.1,,,,,False,False
84295192,cics_4,conteudo_nacional,2024-11-11,2024-12-25,CFI,0.1,,,,,False,False
84295220,cics_4,conteudo_nacional,2024-11-11,2024-12-25,CFI,0.1,,,,,False,False
84295900,cics_4,conteudo_nacional,2024-11-11,2024-12-25,CFI,0.1,,,,,False,False
84292090,cics_4,conteudo_nacional,2024-11-11,2024-12-25,CFI,0.1,,,,,False,False
84304190,cics_8,conteudo_nacional,2025-05-02,,CFI,0.1,,,,,True,True
84306990,cics_8,conteudo_nacional,2025-05-02,,CFI,0.1,,,,,True,True
84306100,cics_8,conteudo_nacional,2025-05-02,,CFI,0.1,,,,,True,True
84431600,cics_4,tecnologia_nacional,2024-11-11,2024-12-25,CFI ou PPB,0.1,portaria_DesIn,0.1,,,False,False
84433252,cics_4,tecnologia_nacional,2024-11-11,2024-12-25,CFI ou PPB,0.1,portaria_DesIn,0.1,,,False,False
84433299,cics_4,tecnologia_nacional,2024-11-11,2024-12-25,CFI ou PPB,0.1,portaria_DesIn,0.1,,,False,False
84714900,cics_8,tecnologia_nacional,2025-05-02,,CFI ou PPB,0.1,portaria_DesIn,0.1,,,True,True
84716052,cics_8,tecnologia_nacional,2025-05-02,,CFI ou PPB,0.1,portaria_DesIn,0.1,,,True,True
84716062,cics_8,tecnologia_nacional,2025-05-02,,CFI ou PPB,0.1,portaria_DesIn,0.1,,,True,True
84732910,cics_8,tecnologia_nacional,2025-05-02,,CFI ou PPB,0.1,portaria_DesIn,0.1,,,True,True
85073090,cics_8,tecnologia_nacional,2025-05-02,,CFI ou PPB,0.1,portaria_DesIn,0.1,,,True,True
85171490,cics_4,tecnologia_nacional,2024-11-11,2024-12-25,CFI ou PPB,0.1,portaria_DesIn,0.1,,,False,False
85176130,cics_4,tecnologia_nacional,2024-11-11,2024-12-25,CFI ou PPB,0.1,portaria_DesIn,0.1,,,False,False
85176273,cics_4,tecnologia_nacional,2024-11-11,2024-12-25,CFI ou PPB,0.1,portaria_DesIn,0.1,,,False,False
85176296,cics_4,tecnologia_nacional,2024-11-11,2024-12-25,CFI ou PPB,0.1,portaria_DesIn,0.1,,,False,False
85261000,cics_4,tecnologia_nacional,2024-11-11,2024-12-25,CFI ou PPB,0.1,portaria_DesIn,0.1,,,False,False
85319000,cics_4,tecnologia_nacional,2024-11-11,2024-12-25,CFI ou PPB,0.1,portaria_DesIn,0.1,,,False,False
85414220,cics_4,tecnologia_nacional,2024-11-11,2024-12-25,CFI ou PPB,0.1,portaria_DesIn,0.1,,,False,False
85423390,cics_8,tecnologia_nacional,2025-05-02,,CFI ou PPB,0.1,portaria_DesIn,0.1,,,True,True
85423911,cics_8,tecnologia_nacional,2025-05-02,,CFI ou PPB,0.1,portaria_DesIn,0.1,,,True,True
85437032,cics_8,tecnologia_nacional,2025-05-02,,CFI ou PPB,0.1,portaria_DesIn,0.1,,,True,True
85437036,cics_8,tecnologia_nacional,2025-05-02,,CFI ou PPB,0.1,portaria_DesIn,0.1,,,True,True
86039000,cics_4,conteudo_nacional,2024-11-11,2024-12-25,CFI,0.1,,,,,False,False
87012900,cics_4,conteudo_nacional,2024-11-11,2024-12-25,CFI,0.1,,,,,False,False
87024010,cics_4,conteudo_nacional,2024-11-11,2024-12-25,CFI,0.1,,,,,False,False
90262010,cics_4,tecnologia_nacional,2024-11-11,2024-12-25,CFI ou PPB,0.1,portaria_DesIn,0.1,,,False,False
90268000,cics_4,tecnologia_nacional,2024-11-11,2024-12-25,CFI ou PPB,0.1,portaria_DesIn,0.1,,,False,False
90308930,cics_8,tecnologia_nacional,2025-05-02,,CFI ou PPB,0.1,portaria_DesIn,0.1,,,True,True
90309090,cics_8,tecnologia_nacional,2025-05-02,,CFI ou PPB,0.1,portaria_DesIn,0.1,,,True,True
90328923,cics_8,tecnologia_nacional,2025-05-02,,CFI ou PPB,0.1,portaria_DesIn,0.1,,,True,True
30049019,cics_4,tecnologia_nacional,2024-11-11,2024-12-25,MedNac,0.05,MedIFANac,0.1,,,False,False
30049021,cics_8,tecnologia_nacional,2025-05-02,,MedNac,0.05,MedIFANac,0.1,,,True,True
30049049,cics_8,tecnologia_nacional,2025-05-02,,MedNac,0.05,MedIFANac,0.1,,,True,True
85414300,cics_7,conteudo_nacional,2024-12-26,2025-05-01,CFI,0.1,,,,,False,False
84239021,cics_8,tecnologia_nacional,2025-05-02,,CFI ou PPB,0.1,portaria_DesIn,0.1,,,True,True
84303910,cics_8,conteudo_nacional,2025-05-02,,CFI,0.1,,,,,True,True
84304910,cics_8,conteudo_nacional,2025-05-02,,CFI,0.1,,,,,True,True
84433115,cics_4,tecnologia_nacional,2024-11-11,2024-12-25,CFI ou PPB,0.1,portaria_DesIn,0.1,,,False,False
84433199,cics_4,tecnologia_nacional,2024-11-11,2024-12-25,CFI ou PPB,0.1,portaria_DesIn,0.1,,,False,False
84433221,cics_4,tecnologia_nacional,2024-11-11,2024-12-25,CFI ou PPB,0.1,portaria_DesIn,0.1,,,False,False
84439912,cics_4,tecnologia_nacional,2024-11-11,2024-12-25,CFI ou PPB,0.1,portaria_DesIn,0.1,,,False,False
84713090,cics_8,tecnologia_nacional,2025-05-02,,CFI ou PPB,0.1,portaria_DesIn,0.1,,,True,True
84719019,cics_8,tecnologia_nacional,2025-05-02,,CFI ou PPB,0.1,portaria_DesIn,0.1,,,True,True
84719090,cics_8,tecnologia_nacional,2025-05-02,,CFI ou PPB,0.1,portaria_DesIn,0.1,,,True,True
84735090,cics_8,tecnologia_nacional,2025-05-02,,CFI ou PPB,0.1,portaria_DesIn,0.1,,,True,True
85073019,cics_8,tecnologia_nacional,2025-05-02,,CFI ou PPB,0.1,portaria_DesIn,0.1,,,True,True
85076000,cics_8,tecnologia_nacional,2025-05-02,,CFI ou PPB,0.1,portaria_DesIn,0.1,,,True,True
85171100,cics_4,tecnologia_nacional,2024-11-11,2024-12-25,CFI ou PPB,0.1,portaria_DesIn,0.1,,,False,False
85176141,cics_4,tecnologia_nacional,2024-11-11,2024-12-25,CFI ou PPB,0.1,portaria_DesIn,0.1,,,False,False
85176191,cics_4,tecnologia_nacional,2024-11-11,2024-12-25,CFI ou PPB,0.1,portaria_DesIn,0.1,,,False,False
85176252,cics_4,tecnologia_nacional,2024-11-11,2024-12-25,CFI ou PPB,0.1,portaria_DesIn,0.1,,,False,False
85176253,cics_4,tecnologia_nacional,2024-11-11,2024-12-25,CFI ou PPB,0.1,portaria_DesIn,0.1,,,False,False
85176277,cics_4,tecnologia_nacional,2024-11-11,2024-12-25,CFI ou PPB,0.1,portaria_DesIn,0.1,,,False,False
85176299,cics_4,tecnologia_nacional,2024-11-11,2024-12-25,CFI ou PPB,0.1,portaria_DesIn,0.1,,,False,False
85416090,cics_4,tecnologia_nacional,2024-11-11,2024-12-25,CFI ou PPB,0.1,portaria_DesIn,0.1,,,False,False
85423120,cics_8,tecnologia_nacional,2025-05-02,,CFI ou PPB,0.1,portaria_DesIn,0.1,,,True,True
85423190,cics_8,tecnologia_nacional,2025-05-02,,CFI ou PPB,0.1,portaria_DesIn,0.1,,,True,True
85423221,cics_8,tecnologia_nacional,2025-05-02,,CFI ou PPB,0.1,portaria_DesIn,0.1,,,True,True
85437033,cics_8,tecnologia_nacional,2025-05-02,,CFI ou PPB,0.1,portaria_DesIn,0.1,,,True,True
87019410,cics_4,conteudo_nacional,2024-11-11,2024-12-25,CFI,0.1,,,,,False,False
90262090,cics_4,tecnologia_nacional,2024-11-11,2024-12-25,CFI ou PPB,0.1,portaria_DesIn,0.1,,,False,False
90278100,cics_4,tecnologia_nacional,2024-11-11,2024-12-25,CFI ou PPB,0.1,portaria_DesIn,0.1,,,False,False
90272021,cics_4,tecnologia_nacional,2024-11-11,2024-12-25,CFI ou PPB,0.1,portaria_DesIn,0.1,,,False,False
90283039,cics_4,tecnologia_nacional,2024-11-11,2024-12-25,CFI ou PPB,0.1,portaria_DesIn,0.1,,,False,False
90301090,cics_8,tecnologia_nacional,2025-05-02,,CFI ou PPB,0.1,portaria_DesIn,0.1,,,True,True
90302021,cics_8,tecnologia_nacional,2025-05-02,,CFI ou PPB,0.1,portaria_DesIn,0.1,,,True,True
90304090,cics_8,tecnologia_nacional,2025-05-02,,CFI ou PPB,0.1,portaria_DesIn,0.1,,,True,True
90318050,cics_8,tecnologia_nacional,2025-05-02,,CFI ou PPB,0.1,portaria_DesIn,0.1,,,True,True
90329091,cics_8,tecnologia_nacional,2025-05-02,,CFI ou PPB,0.1,portaria_DesIn,0.1,,,True,True
24049200,cics_4,tecnologia_nacional,2024-11-11,2024-12-25,MedNac,0.05,MedIFANac,0.1,,,False,False
30024121,cics_8,tecnologia_nacional,2025-05-02,,MedNac,0.05,MedIFANac,0.1,,,True,True
30024210,cics_4,tecnologia_nacional,2024-11-11,2024-12-25,MedNac,0.05,MedIFANac,0.1,,,False,False
30043999,cics_8,tecnologia_nacional,2025-05-02,,MedNac,0.05,MedIFANac,0.1,,,True,True
30049036,cics_8,tecnologia_nacional,2025-05-02,,MedNac,0.05,MedIFANac,0.1,,,True,True
30049059,cics_4,tecnologia_nacional,2024-11-11,2024-12-25,MedNac,0.05,MedIFANac,0.1,,,False,False
30049065,cics_4,tecnologia_nacional,2024-11-11,2024-12-25,MedNac,0.05,MedIFANac,0.1,,,False,False
84798999,cics_8,tecnologia_nacional,2025-05-02,,CFI ou PPB,0.1,portaria_DesIn,0.1,,,True,True
85013120,cics_7,conteudo_nacional,2024-12-26,2025-05-01,CFI-A,0.1,,,,,False,False
85013420,cics_8,conteudo_nacional,2025-05-02,,CFI-A,0.1,,,,,True,True
85118030,cics_8,tecnologia_nacional,2025-05-02,,CFI ou PPB,0.1,portaria_DesIn,0.1,,,True,True
85284200,cics_7,tecnologia_nacional,2024-12-26,2025-05-01,CFI ou PPB,0.1,portaria_DesIn,0.1,,,True,False
85372090,cics_3,conteudo_nacional,2024-11-10,2024-11-10,CFI,0.1,,,,,False,False
84295129,cics_4,conteudo_nacional,2024-11-11,2024-12-25,CFI,0.1,,,,,False,False
84306911,cics_8,conteudo_nacional,2025-05-02,,CFI,0.1,,,,,True,True
84431790,cics_4,tecnologia_nacional,2024-11-11,2024-12-25,CFI ou PPB,0.1,portaria_DesIn,0.1,,,False,False
84431200,cics_4,tecnologia_nacional,2024-11-11,2024-12-25,CFI ou PPB,0.1,portaria_DesIn,0.1,,,False,False
84433234,cics_4,tecnologia_nacional,2024-11-11,2024-12-25,CFI ou PPB,0.1,portaria_DesIn,0.1,,,False,False
85013320,cics_7,conteudo_nacional,2024-12-26,2025-05-01,CFI-A,0.1,,,,,False,False
85308010,cics_8,tecnologia_nacional,2025-05-02,,CFI ou PPB,0.1,portaria_DesIn,0.1,,,True,True
85322310,cics_7,tecnologia_nacional,2024-12-26,2025-05-01,CFI ou PPB,0.1,portaria_DesIn,0.1,,,False,False
87079090,cics_4,conteudo_nacional,2024-11-11,2024-12-25,CFI,0.1,,,,,False,False
84239029,cics_7,tecnologia_nacional,2024-12-26,2025-05-01,CFI ou PPB,0.1,portaria_DesIn,0.1,,,False,False
84291110,cics_8,conteudo_nacional,2025-05-02,,CFI,0.1,,,,,True,True
84295192,cics_8,conteudo_nacional,2025-05-02,,CFI,0.1,,,,,True,True
84295220,cics_8,conteudo_nacional,2025-05-02,,CFI,0.1,,,,,True,True
84295900,cics_8,conteudo_nacional,2025-05-02,,CFI,0.1,,,,,True,True
84292090,cics_8,conteudo_nacional,2025-05-02,,CFI,0.1,,,,,True,True
84304190,cics_7,conteudo_nacional,2024-12-26,2025-05-01,CFI,0.1,,,,,False,False
84306990,cics_7,conteudo_nacional,2024-12-26,2025-05-01,CFI,0.1,,,,,False,False
84306100,cics_7,conteudo_nacional,2024-12-26,2025-05-01,CFI,0.1,,,,,False,False
84431600,cics_8,tecnologia_nacional,2025-05-02,,CFI ou PPB,0.1,portaria_DesIn,0.1,,,True,True
84433252,cics_8,tecnologia_nacional,2025-05-02,,CFI ou PPB,0.1,portaria_DesIn,0.1,,,True,True
84433299,cics_8,tecnologia_nacional,2025-05-02,,CFI ou PPB,0.1,portaria_DesIn,0.1,,,True,True
84714900,cics_7,tecnologia_nacional,2024-12-26,2025-05-01,CFI ou PPB,0.1,portaria_DesIn,0.1,,,False,False
84716052,cics_7,tecnologia_nacional,2024-12-26,2025-05-01,CFI ou PPB,0.1,portaria_DesIn,0.1,,,False,False
84716062,cics_7,tecnologia_nacional,2024-12-26,2025-05-01,CFI ou PPB,0.1,portaria_DesIn,0.1,,,False,False
84732910,cics_7,tecnologia_nacional,2024-12-26,2025-05-01,CFI ou PPB,0.1,portaria_DesIn,0.1,,,False,False
85073090,cics_7,tecnologia_nacional,2024-12-26,2025-05-01,CFI ou PPB,0.1,portaria_DesIn,0.1,,,False,False
85171490,cics_8,tecnologia_nacional,2025-05-02,,CFI ou PPB,0.1,portaria_DesIn,0.1,,,True,True
85176130,cics_8,tecnologia_nacional,2025-05-02,,CFI ou PPB,0.1,portaria_DesIn,0.1,,,True,True
85176273,cics_8,tecnologia_nacional,2025-05-02,,CFI ou PPB,0.1,portaria_DesIn,0.1,,,True,True
85176296,cics_8,tecnologia_nacional,2025-05-02,,CFI ou PPB,0.1,portaria_DesIn,0.1,,,True,True
85261000,cics_8,tecnologia_nacional,2025-05-02,,CFI ou PPB,0.1,portaria_DesIn,0.1,,,True,True
85319000,cics_8,tecnologia_nacional,2025-05-02,,CFI ou PPB,0.1,portaria_DesIn,0.1,,,True,True
85414220,cics_8,tecnologia_nacional,2025-05-02,,CFI ou PPB,0.1,portaria_DesIn,0.1,,,True,True
85423390,cics_7,tecnologia_nacional,2024-12-26,2025-05-01,CFI ou PPB,0.1,portaria_DesIn,0.1,,,False,False
85423911,cics_7,tecnologia_nacional,2024-12-26,2025-05-01,CFI ou PPB,0.1,portaria_DesIn,0.1,,,False,False
85437032,cics_7,tecnologia_nacional,2024-12-26,2025-05-01,CFI ou PPB,0.1,portaria_DesIn,0.1,,,False,False
85437036,cics_7,tecnologia_nacional,2024-12-26,2025-05-01,CFI ou PPB,0.1,portaria_DesIn,0.1,,,False,False
86039000,cics_8,conteudo_nacional,2025-05-02,,CFI,0.1,,,,,True,True
87012900,cics_8,conteudo_nacional,2025-05-02,,CFI,0.1,,,,,True,True
87024010,cics_8,conteudo_nacional,2025-05-02,,CFI,0.1,,,,,True,True
90262010,cics_8,tecnologia_nacional,2025-05-02,,CFI ou PPB,0.1,portaria_DesIn,0.1,,,True,True
90268000,cics_8,tecnologia_nacional,2025-05-02,,CFI ou PPB,0.1,portaria_DesIn,0.1,,,True,True
90308930,cics_7,tecnologia_nacional,2024-12-26,2025-05-01,CFI ou PPB,0.1,portaria_DesIn,0.1,,,False,False
90309090,cics_7,tecnologia_nacional,2024-12-26,2025-05-01,CFI ou PPB,0.1,portaria_DesIn,0.1,,,False,False
90328923,cics_7,tecnologia_nacional,2024-12-26,2025-05-01,CFI ou PPB,0.1,portaria_DesIn,0.1,,,False,False
30049019,cics_8,tecnologia_nacional,2025-05-02,,MedNac,0.05,MedIFANac,0.1,,,True,True
30049021,cics_7,tecnologia_nacional,2024-12-26,2025-05-01,MedNac,0.05,MedIFANac,0.1,,,False,False
30049049,cics_7,tecnologia_nacional,2024-12-26,2025-05-01,MedNac,0.05,MedIFANac,0.1,,,False,False
85414300,cics_4,conteudo_nacional,2024-11-11,2024-12-25,CFI,0.1,,,,,False,False
84239021,cics_7,tecnologia_nacional,2024-12-26,2025-05-01,CFI ou PPB,0.1,portaria_DesIn,0.1,,,False,False
84303910,cics_7,conteudo_nacional,2024-12-26,2025-05-01,CFI,0.1,,,,,False,False
84304910,cics_7,conteudo_nacional,2024-12-26,2025-05-01,CFI,0.1,,,,,False,False
84433115,cics_8,tecnologia_nacional,2025-05-02,,CFI ou PPB,0.1,portaria_DesIn,0.1,,,True,True
84433199,cics_8,tecnologia_nacional,2025-05-02,,CFI ou PPB,0.1,portaria_DesIn,0.1,,,True,True
84433221,cics_8,tecnologia_nacional,2025-05-02,,CFI ou PPB,0.1,portaria_DesIn,0.1,,,True,True
84439912,cics_8,tecnologia_nacional,2025-05-02,,CFI ou PPB,0.1,portaria_DesIn,0.1,,,True,True
84713090,cics_7,tecnologia_nacional,2024-12-26,2025-05-01,CFI ou PPB,0.1,portaria_DesIn,0.1,,,False,False
84719019,cics_7,tecnologia_nacional,2024-12-26,2025-05-01,CFI ou PPB,0.1,portaria_DesIn,0.1,,,False,False
84719090,cics_7,tecnologia_nacional,2024-12-26,2025-05-01,CFI ou PPB,0.1,portaria_DesIn,0.1,,,False,False
84735090,cics_7,tecnologia_nacional,2024-12-26,2025-05-01,CFI ou PPB,0.1,portaria_DesIn,0.1,,,False,False
85073019,cics_7,tecnologia_nacional,2024-12-26,2025-05-01,CFI ou PPB,0.1,portaria_DesIn,0.1,,,False,False
85076000,cics_7,tecnologia_nacional,2024-12-26,2025-05-01,CFI ou PPB,0.1,portaria_DesIn,0.1,,,False,False
85171100,cics_8,tecnologia_nacional,2025-05-02,,CFI ou PPB,0.1,portaria_DesIn,0.1,,,True,True
85176141,cics_8,tecnologia_nacional,2025-05-02,,CFI ou PPB,0.1,portaria_DesIn,0.1,,,True,True
85176191,cics_8,tecnologia_nacional,2025-05-02,,CFI ou PPB,0.1,portaria_DesIn,0.1,,,True,True
85176252,cics_8,tecnologia_nacional,2025-05-02,,CFI ou PPB,0.1,portaria_DesIn,0.1,,,True,True
85176253,cics_8,tecnologia_nacional,2025-05-02,,CFI ou PPB,0.1,portaria_DesIn,0.1,,,True,True
85176277,cics_8,tecnologia_nacional,2025-05-02,,CFI ou PPB,0.1,portaria_DesIn,0.1,,,True,True
85176299,cics_8,tecnologia_nacional,2025-05-02,,CFI ou PPB,0.1,portaria_DesIn,0.1,,,True,True
85416090,cics_8,tecnologia_nacional,2025-05-02,,CFI ou PPB,0.1,portaria_DesIn,0.1,,,True,True
85423120,cics_7,tecnologia_nacional,2024-12-26,2025-05-01,CFI ou PPB,0.1,portaria_DesIn,0.1,,,False,False
85423190,cics_7,tecnologia_nacional,2024-12-26,2025-05-01,CFI ou PPB,0.1,portaria_DesIn,0.1,,,False,False
85423221,cics_7,tecnologia_nacional,2024-12-26,2025-05-01,CFI ou PPB,0.1,portaria_DesIn,0.1,,,False,False
85437033,cics_7,tecnologia_nacional,2024-12-26,2025-05-01,CFI ou PPB,0.1,portaria_DesIn,0.1,,,False,False
87019410,cics_8,conteudo_nacional,2025-05-02,,CFI,0.1,,,,,True,True
90262090,cics_8,tecnologia_nacional,2025-05-02,,CFI ou PPB,0.1,portaria_DesIn,0.1,,,True,True
90278100,cics_8,tecnologia_nacional,2025-05-02,,CFI ou PPB,0.1,portaria_DesIn,0.1,,,True,True
90272021,cics_8,tecnologia_nacional,2025-05-02,,CFI ou PPB,0.1,portaria_DesIn,0.1,,,True,True
90283039,cics_8,tecnologia_nacional,2025-05-02,,CFI ou PPB,0.1,portaria_DesIn,0.1,,,True,True
90301090,cics_7,tecnologia_nacional,2024-12-26,2025-05-01,CFI ou PPB,0.1,portaria_DesIn,0.1,,,False,False
90302021,cics_7,tecnologia_nacional,2024-12-26,2025-05-01,CFI ou PPB,0.1,portaria_DesIn,0.1,,,False,False
90304090,cics_7,tecnologia_nacional,2024-12-26,2025-05-01,CFI ou PPB,0.1,portaria_DesIn,0.1,,,False,False
90318050,cics_7,tecnologia_nacional,2024-12-26,2025-05-01,CFI ou PPB,0.1,portaria_DesIn,0.1,,,False,False
90329091,cics_7,tecnologia_nacional,2024-12-26,2025-05-01,CFI ou PPB,0.1,portaria_DesIn,0.1,,,False,False
24049200,cics_8,tecnologia_nacional,2025-05-02,,MedNac,0.05,MedIFANac,0.1,,,True,True
30024121,cics_7,tecnologia_nacional,2024-12-26,2025-05-01,MedNac,0.05,MedIFANac,0.1,,,False,False
30024210,cics_8,tecnologia_nacional,2025-05-02,,MedNac,0.05,MedIFANac,0.1,,,True,True
30043999,cics_7,tecnologia_nacional,2024-12-26,2025-05-01,MedNac,0.05,MedIFANac,0.1,,,False,False
30049036,cics_7,tecnologia_nacional,2024-12-26,2025-05-01,MedNac,0.05,MedIFANac,0.1,,,False,False
30049059,cics_8,tecnologia_nacional,2025-05-02,,MedNac,0.05,MedIFANac,0.1,,,True,True
30049065,cics_8,tecnologia_nacional,2025-05-02,,MedNac,0.05,MedIFANac,0.1,,,True,True
84798999,cics_7,tecnologia_nacional,2024-12-26,2025-05-01,CFI ou PPB,0.1,portaria_DesIn,0.1,,,False,False
85013120,cics_4,conteudo_nacional,2024-11-11,2024-12-25,CFI-A,0.1,,,,,False,False
85013420,cics_7,conteudo_nacional,2024-12-26,2025-05-01,CFI-A,0.1,,,,,False,False
85118030,cics_7,tecnologia_nacional,2024-12-26,2025-05-01,CFI ou PPB,0.1,portaria_DesIn,0.1,,,False,False
85372090,cics_4,conteudo_nacional,2024-11-11,2024-12-25,CFI,0.1,,,,,False,False
84295129,cics_8,conteudo_nacional,2025-05-02,,CFI,0.1,,,,,True,True
84306911,cics_7,conteudo_nacional,2024-12-26,2025-05-01,CFI,0.1,,,,,False,False
84431790,cics_8,tecnologia_nacional,2025-05-02,,CFI ou PPB,0.1,portaria_DesIn,0.1,,,True,True
84431200,cics_8,tecnologia_nacional,2025-05-02,,CFI ou PPB,0.1,portaria_DesIn,0.1,,,True,True
84433234,cics_8,tecnologia_nacional,2025-05-02,,CFI ou PPB,0.1,portaria_DesIn,0.1,,,True,True
85013320,cics_3,conteudo_nacional,2024-11-10,2024-11-10,CFI-A,0.1,,,,,False,False
87079090,cics_8,conteudo_nacional,2025-05-02,,CFI,0.1,,,,,True,True
85414300,cics_8,conteudo_nacional,2025-05-02,,CFI,0.1,,,,,True,True
85013120,cics_8,conteudo_nacional,2025-05-02,,CFI-A,0.1,,,,,True,True
85013420,cics_3,conteudo_nacional,2024-11-10,2024-11-10,CFI-A,0.1,,,,,False,False
85372090,cics_8,conteudo_nacional,2025-05-02,,CFI,0.1,,,,,True,True
84714100,cics_4,tecnologia_nacional,2024-11-11,2024-12-25,CFI ou PPB,0.1,portaria_DesIn,0.1,,,False,False
84716059,cics_4,tecnologia_nacional,2024-11-11,2024-12-25,CFI ou PPB,0.1,portaria_DesIn,0.1,,,False,False
84716080,cics_4,tecnologia_nacional,2024-11-11,2024-12-25,CFI ou PPB,0.1,portaria_DesIn,0.1,,,False,False
84733031,cics_4,tecnologia_nacional,2024-11-11,2024-12-25,CFI ou PPB,0.1,portaria_DesIn,0.1,,,False,False
84734010,cics_4,tecnologia_nacional,2024-11-11,2024-12-25,CFI ou PPB,0.1,portaria_DesIn,0.1,,,False,False
85079010,cics_4,tecnologia_nacional,2024-11-11,2024-12-25,CFI ou PPB,0.1,portaria_DesIn,0.1,,,False,False
85171431,cics_7,tecnologia_nacional,2024-12-26,2025-05-01,CFI ou PPB,0.1,portaria_DesIn,0.1,,,False,False
85171410,cics_7,tecnologia_nacional,2024-12-26,2025-05-01,CFI ou PPB,0.1,portaria_DesIn,0.1,,,False,False
85176239,cics_7,tecnologia_nacional,2024-12-26,2025-05-01,CFI ou PPB,0.1,portaria_DesIn,0.1,,,False,False
85176900,cics_7,tecnologia_nacional,2024-12-26,2025-05-01,CFI ou PPB,0.1,portaria_DesIn,0.1,,,False,False
85177120,cics_7,tecnologia_nacional,2024-12-26,2025-05-01,CFI ou PPB,0.1,portaria_DesIn,0.1,,,False,False
85211081,cics_8,tecnologia_nacional,2025-05-02,,CFI ou PPB,0.1,portaria_DesIn,0.1,,,True,True
85269200,cics_7,tecnologia_nacional,2024-12-26,2025-05-01,CFI ou PPB,0.1,portaria_DesIn,0.1,,,False,False
85284930,cics_8,tecnologia_nacional,2025-05-02,,CFI ou PPB,0.1,portaria_DesIn,0.1,,,True,True
85286990,cics_8,tecnologia_nacional,2025-05-02,,CFI ou PPB,0.1,portaria_DesIn,0.1,,,True,True
85287119,cics_8,tecnologia_nacional,2025-05-02,,CFI ou PPB,0.1,portaria_DesIn,0.1,,,True,True
85407100,cics_8,tecnologia_nacional,2025-05-02,,CFI ou PPB,0.1,portaria_DesIn,0.1,,,True,True
85412110,cics_7,tecnologia_nacional,2024-12-26,2025-05-01,CFI ou PPB,0.1,portaria_DesIn,0.1,,,False,False
85411011,cics_7,tecnologia_nacional,2024-12-26,2025-05-01,CFI ou PPB,0.1,portaria_DesIn,0.1,,,False,False
85411022,cics_7,tecnologia_nacional,2024-12-26,2025-05-01,CFI ou PPB,0.1,portaria_DesIn,0.1,,,False,False
85411092,cics_7,tecnologia_nacional,2024-12-26,2025-05-01,CFI ou PPB,0.1,portaria_DesIn,0.1,,,False,False
85416010,cics_7,tecnologia_nacional,2024-12-26,2025-05-01,CFI ou PPB,0.1,portaria_DesIn,0.1,,,False,False
85419010,cics_7,tecnologia_nacional,2024-12-26,2025-05-01,CFI ou PPB,0.1,portaria_DesIn,0.1,,,False,False
85437014,cics_4,tecnologia_nacional,2024-11-11,2024-12-25,CFI ou PPB,0.1,portaria_DesIn,0.1,,,False,False
85431000,cics_4,tecnologia_nacional,2024-11-11,2024-12-25,CFI ou PPB,0.1,portaria_DesIn,0.1,,,False,False
86011000,cics_7,conteudo_nacional,2024-12-26,2025-05-01,CFI,0.1,,,,,False,False
86031000,cics_7,conteudo_nacional,2024-12-26,2025-05-01,CFI,0.1,,,,,False,False
90261011,cics_7,tecnologia_nacional,2024-12-26,2025-05-01,CFI ou PPB,0.1,portaria_DesIn,0.1,,,False,False
90269090,cics_7,tecnologia_nacional,2024-12-26,2025-05-01,CFI ou PPB,0.1,portaria_DesIn,0.1,,,False,False
90272012,cics_7,tecnologia_nacional,2024-12-26,2025-05-01,CFI ou PPB,0.1,portaria_DesIn,0.1,,,False,False
90279091,cics_7,tecnologia_nacional,2024-12-26,2025-05-01,CFI ou PPB,0.1,portaria_DesIn,0.1,,,False,False
90303390,cics_4,tecnologia_nacional,2024-11-11,2024-12-25,CFI ou PPB,0.1,portaria_DesIn,0.1,,,False,False
90308490,cics_4,tecnologia_nacional,2024-11-11,2024-12-25,CFI ou PPB,0.1,portaria_DesIn,0.1,,,False,False
90308920,cics_4,tecnologia_nacional,2024-11-11,2024-12-25,CFI ou PPB,0.1,portaria_DesIn,0.1,,,False,False
90318030,cics_4,tecnologia_nacional,2024-11-11,2024-12-25,CFI ou PPB,0.1,portaria_DesIn,0.1,,,False,False
29362931,cics_7,tecnologia_nacional,2024-12-26,2025-05-01,MedNac,0.05,MedIFANac,0.1,,,False,False
30049024,cics_4,tecnologia_nacional,2024-11-11,2024-12-25,MedNac,0.05,MedIFANac,0.1,,,False,False
30049063,cics_4,tecnologia_nacional,2024-11-11,2024-12-25,MedNac,0.05,MedIFANac,0.1,,,False,False
84293000,cics_3,conteudo_nacional,2024-11-10,2024-11-10,CFI,0.1,,,,,True,False
84304990,cics_3,conteudo_nacional,2024-11-10,2024-11-10,CFI,0.1,,,,,True,False
84795000,cics_4,tecnologia_nacional,2024-11-11,2024-12-25,CFI ou PPB,0.1,portaria_DesIn,0.1,,,False,False
85322910,cics_4,tecnologia_nacional,2024-11-11,2024-12-25,CFI ou PPB,0.1,portaria_DesIn,0.1,,,False,False
85323010,cics_7,tecnologia_nacional,2024-12-26,2025-05-01,CFI ou PPB,0.1,portaria_DesIn,0.1,,,False,False
87012300,cics_3,conteudo_nacional,2024-11-10,2024-11-10,CFI,0.1,,,,,True,False
87019590,cics_3,conteudo_nacional,2024-11-10,2024-11-10,CFI,0.1,,,,,True,False
90328930,cics_1,conteudo_nacional,2024-09-01,2024-11-09,CFI,0.1,,,,,False,False
91021190,cics_8,tecnologia_nacional,2025-05-02,,CFI ou PPB,0.1,portaria_DesIn,0.1,,,True,True
91101200,cics_8,tecnologia_nacional,2025-05-02,,CFI ou PPB,0.1,portaria_DesIn,0.1,,,True,True
91112010,cics_8,tecnologia_nacional,2025-05-02,,CFI ou PPB,0.1,portaria_DesIn,0.1,,,True,True
84729099,cics_4,tecnologia_nacional,2024-11-11,2024-12-25,CFI ou PPB,0.1,portaria_DesIn,0.1,,,False,False
85044090,cics_4,tecnologia_nacional,2024-11-11,2024-12-25,CFI ou PPB,0.1,portaria_DesIn,0.1,,,False,False
85365090,cics_7,tecnologia_nacional,2024-12-26,2025-05-01,CFI ou PPB,0.1,portaria_DesIn,0.1,,,False,False
85340011,cics_4,tecnologia_nacional,2024-11-11,2024-12-25,CFI ou PPB,0.1,portaria_DesIn,0.1,,,False,False
90011011,cics_4,tecnologia_nacional,2024-11-11,2024-12-25,CFI ou PPB,0.1,portaria_DesIn,0.1,,,False,False
90011020,cics_4,tecnologia_nacional,2024-11-11,2024-12-25,CFI ou PPB,0.1,portaria_DesIn,0.1,,,False,False
84714100,cics_8,tecnologia_nacional,2025-05-02,,CFI ou PPB,0.1,portaria_DesIn,0.1,,,True,True
84716059,cics_8,tecnologia_nacional,2025-05-02,,CFI ou PPB,0.1,portaria_DesIn,0.1,,,True,True
84716080,cics_8,tecnologia_nacional,2025-05-02,,CFI ou PPB,0.1,portaria_DesIn,0.1,,,True,True
84733031,cics_8,tecnologia_nacional,2025-05-02,,CFI ou PPB,0.1,portaria_DesIn,0.1,,,True,True
84734010,cics_8,tecnologia_nacional,2025-05-02,,CFI ou PPB,0.1,portaria_DesIn,0.1,,,True,True
85079010,cics_8,tecnologia_nacional,2025-05-02,,CFI ou PPB,0.1,portaria_DesIn,0.1,,,True,True
85171431,cics_4,tecnologia_nacional,2024-11-11,2024-12-25,CFI ou PPB,0.1,portaria_DesIn,0.1,,,False,False
85171410,cics_4,tecnologia_nacional,2024-11-11,2024-12-25,CFI ou PPB,0.1,portaria_DesIn,0.1,,,False,False
85176239,cics_4,tecnologia_nacional,2024-11-11,2024-12-25,CFI ou PPB,0.1,portaria_DesIn,0.1,,,False,False
85176900,cics_4,tecnologia_nacional,2024-11-11,2024-12-25,CFI ou PPB,0.1,portaria_DesIn,0.1,,,False,False
85177120,cics_4,tecnologia_nacional,2024-11-11,2024-12-25,CFI ou PPB,0.1,portaria_DesIn,0.1,,,False,False
85269200,cics_4,tecnologia_nacional,2024-11-11,2024-12-25,CFI ou PPB,0.1,portaria_DesIn,0.1,,,False,False
85412110,cics_4,tecnologia_nacional,2024-11-11,2024-12-25,CFI ou PPB,0.1,portaria_DesIn,0.1,,,False,False
85411011,cics_4,tecnologia_nacional,2024-11-11,2024-12-25,CFI ou PPB,0.1,portaria_DesIn,0.1,,,False,False
85411022,cics_4,tecnologia_nacional,2024-11-11,2024-12-25,CFI ou PPB,0.1,portaria_DesIn,0.1,,,False,False
85411092,cics_4,tecnologia_nacional,2024-11-11,2024-12-25,CFI ou PPB,0.1,portaria_DesIn,0.1,,,False,False
85416010,cics_4,tecnologia_nacional,2024-11-11,2024-12-25,CFI ou PPB,0.1,portaria_DesIn,0.1,,,False,False
85419010,cics_4,tecnologia_nacional,2024-11-11,2024-12-25,CFI ou PPB,0.1,portaria_DesIn,0.1,,,False,False
85437014,cics_8,tecnologia_nacional,2025-05-02,,CFI ou PPB,0.1,portaria_DesIn,0.1,,,True,True
85431000,cics_8,tecnologia_nacional,2025-05-02,,CFI ou PPB,0.1,portaria_DesIn,0.1,,,True,True
86011000,cics_4,conteudo_nacional,2024-11-11,2024-12-25,CFI,0.1,,,,,False,False
86031000,cics_4,conteudo_nacional,2024-11-11,2024-12-25,CFI,0.1,,,,,False,False
90261011,cics_4,tecnologia_nacional,2024-11-11,2024-12-25,CFI ou PPB,0.1,portaria_DesIn,0.1,,,False,False
90269090,cics_4,tecnologia_nacional,2024-11-11,2024-12-25,CFI ou PPB,0.1,portaria_DesIn,0.1,,,False,False
90272012,cics_4,tecnologia_nacional,2024-11-11,2024-12-25,CFI ou PPB,0.1,portaria_DesIn,0.1,,,False,False
90279091,cics_4,tecnologia_nacional,2024-11-11,2024-12-25,CFI ou PPB,0.1,portaria_DesIn,0.1,,,False,False
90303390,cics_8,tecnologia_nacional,2025-05-02,,CFI ou PPB,0.1,portaria_DesIn,0.1,,,True,True
90308490,cics_8,tecnologia_nacional,2025-05-02,,CFI ou PPB,0.1,portaria_DesIn,0.1,,,True,True
90308920,cics_8,tecnologia_nacional,2025-05-02,,CFI ou PPB,0.1,portaria_DesIn,0.1,,,True,True
90318030,cics_8,tecnologia_nacional,2025-05-02,,CFI ou PPB,0.1,portaria_DesIn,0.1,,,True,True
29362931,cics_4,tecnologia_nacional,2024-11-11,2024-12-25,MedNac,0.05,MedIFANac,0.1,,,False,False
30049024,cics_8,tecnologia_nacional,2025-05-02,,MedNac,0.05,MedIFANac,0.1,,,True,True
30049063,cics_8,tecnologia_nacional,2025-05-02,,MedNac,0.05,MedIFANac,0.1,,,True,True
84795000,cics_8,tecnologia_nacional,2025-05-02,,CFI ou PPB,0.1,portaria_DesIn,0.1,,,True,True
85322910,cics_8,tecnologia_nacional,2025-05-02,,CFI ou PPB,0.1,portaria_DesIn,0.1,,,True,True
85323010,cics_4,tecnologia_nacional,2024-11-11,2024-12-25,CFI ou PPB,0.1,portaria_DesIn,0.1,,,False,False
90328930,cics_4,conteudo_nacional,2024-11-11,2024-12-25,CFI,0.1,,,,,False,False
84729099,cics_8,tecnologia_nacional,2025-05-02,,CFI ou PPB,0.1,portaria_DesIn,0.1,,,True,True
85044090,cics_8,tecnologia_nacional,2025-05-02,,CFI ou PPB,0.1,portaria_DesIn,0.1,,,True,True
85365090,cics_4,tecnologia_nacional,2024-11-11,2024-12-25,CFI ou PPB,0.1,portaria_DesIn,0.1,,,False,False
85340011,cics_8,tecnologia_nacional,2025-05-02,,CFI ou PPB,0.1,portaria_DesIn,0.1,,,True,True
90011011,cics_8,tecnologia_nacional,2025-05-02,,CFI ou PPB,0.1,portaria_DesIn,0.1,,,True,True
90011020,cics_8,tecnologia_nacional,2025-05-02,,CFI ou PPB,0.1,portaria_DesIn,0.1,,,True,True
84714100,cics_7,tecnologia_nacional,2024-12-26,2025-05-01,CFI ou PPB,0.1,portaria_DesIn,0.1,,,False,False
84716059,cics_7,tecnologia_nacional,2024-12-26,2025-05-01,CFI ou PPB,0.1,portaria_DesIn,0.1,,,False,False
84716080,cics_7,tecnologia_nacional,2024-12-26,2025-05-01,CFI ou PPB,0.1,portaria_DesIn,0.1,,,False,False
84733031,cics_7,tecnologia_nacional,2024-12-26,2025-05-01,CFI ou PPB,0.1,portaria_DesIn,0.1,,,False,False
84734010,cics_7,tecnologia_nacional,2024-12-26,2025-05-01,CFI ou PPB,0.1,portaria_DesIn,0.1,,,False,False
85079010,cics_7,tecnologia_nacional,2024-12-26,2025-05-01,CFI ou PPB,0.1,portaria_DesIn,0.1,,,False,False
85171431,cics_8,tecnologia_nacional,2025-05-02,,CFI ou PPB,0.1,portaria_DesIn,0.1,,,True,True
85171410,cics_8,tecnologia_nacional,2025-05-02,,CFI ou PPB,0.1,portaria_DesIn,0.1,,,True,True
85176239,cics_8,tecnologia_nacional,2025-05-02,,CFI ou PPB,0.1,portaria_DesIn,0.1,,,True,True
85176900,cics_8,tecnologia_nacional,2025-05-02,,CFI ou PPB,0.1,portaria_DesIn,0.1,,,True,True
85177120,cics_8,tecnologia_nacional,2025-05-02,,CFI ou PPB,0.1,portaria_DesIn,0.1,,,True,True
85269200,cics_8,tecnologia_nacional,2025-05-02,,CFI ou PPB,0.1,portaria_DesIn,0.1,,,True,True
85412110,cics_8,tecnologia_nacional,2025-05-02,,CFI ou PPB,0.1,portaria_DesIn,0.1,,,True,True
85411011,cics_8,tecnologia_nacional,2025-05-02,,CFI ou PPB,0.1,portaria_DesIn,0.1,,,True,True
85411022,cics_8,tecnologia_nacional,2025-05-02,,CFI ou PPB,0.1,portaria_DesIn,0.1,,,True,True
85411092,cics_8,tecnologia_nacional,2025-05-02,,CFI ou PPB,0.1,portaria_DesIn,0.1,,,True,True
85416010,cics_8,tecnologia_nacional,2025-05-02,,CFI ou PPB,0.1,portaria_DesIn,0.1,,,True,True
85419010,cics_8,tecnologia_nacional,2025-05-02,,CFI ou PPB,0.1,portaria_DesIn,0.1,,,True,True
85437014,cics_7,tecnologia_nacional,2024-12-26,2025-05-01,CFI ou PPB,0.1,portaria_DesIn,0.1,,,False,False
85431000,cics_7,tecnologia_nacional,2024-12-26,2025-05-01,CFI ou PPB,0.1,portaria_DesIn,0.1,,,False,False
86011000,cics_8,conteudo_nacional,2025-05-02,,CFI,0.1,,,,,True,True
86031000,cics_8,conteudo_nacional,2025-05-02,,CFI,0.1,,,,,True,True
90261011,cics_8,tecnologia_nacional,2025-05-02,,CFI ou PPB,0.1,portaria_DesIn,0.1,,,True,True
90269090,cics_8,tecnologia_nacional,2025-05-02,,CFI ou PPB,0.1,portaria_DesIn,0.1,,,True,True
90272012,cics_8,tecnologia_nacional,2025-05-02,,CFI ou PPB,0.1,portaria_DesIn,0.1,,,True,True
90279091,cics_8,tecnologia_nacional,2025-05-02,,CFI ou PPB,0.1,portaria_DesIn,0.1,,,True,True
90303390,cics_7,tecnologia_nacional,2024-12-26,2025-05-01,CFI ou PPB,0.1,portaria_DesIn,0.1,,,False,False
90308490,cics_7,tecnologia_nacional,2024-12-26,2025-05-01,CFI ou PPB,0.1,portaria_DesIn,0.1,,,False,False
90308920,cics_7,tecnologia_nacional,2024-12-26,2025-05-01,CFI ou PPB,0.1,portaria_DesIn,0.1,,,False,False
90318030,cics_7,tecnologia_nacional,2024-12-26,2025-05-01,CFI ou PPB,0.1,portaria_DesIn,0.1,,,False,False
29362931,cics_8,tecnologia_nacional,2025-05-02,,MedNac,0.05,MedIFANac,0.1,,,True,True
30049024,cics_7,tecnologia_nacional,2024-12-26,2025-05-01,MedNac,0.05,MedIFANac,0.1,,,False,False
30049063,cics_7,tecnologia_nacional,2024-12-26,2025-05-01,MedNac,0.05,MedIFANac,0.1,,,False,False
84795000,cics_7,tecnologia_nacional,2024-12-26,2025-05-01,CFI ou PPB,0.1,portaria_DesIn,0.1,,,False,False
85322910,cics_7,tecnologia_nacional,2024-12-26,2025-05-01,CFI ou PPB,0.1,portaria_DesIn,0.1,,,False,False
85323010,cics_8,tecnologia_nacional,2025-05-02,,CFI ou PPB,0.1,portaria_DesIn,0.1,,,True,True
90328930,cics_8,conteudo_nacional,2025-05-02,,CFI,0.1,,,,,True,True
84729099,cics_7,tecnologia_nacional,2024-12-26,2025-05-01,CFI ou PPB,0.1,portaria_DesIn,0.1,,,False,False
85044090,cics_7,tecnologia_nacional,2024-12-26,2025-05-01,CFI ou PPB,0.1,portaria_DesIn,0.1,,,False,False
85365090,cics_8,tecnologia_nacional,2025-05-02,,CFI ou PPB,0.1,portaria_DesIn,0.1,,,True,True
85340011,cics_7,tecnologia_nacional,2024-12-26,2025-05-01,CFI ou PPB,0.1,portaria_DesIn,0.1,,,False,False
90011011,cics_7,tecnologia_nacional,2024-12-26,2025-05-01,CFI ou PPB,0.1,portaria_DesIn,0.1,,,False,False
90011020,cics_7,tecnologia_nacional,2024-12-26,2025-05-01,CFI ou PPB,0.1,portaria_DesIn,0.1,,,False,False
90328930,cics_7,conteudo_nacional,2024-12-26,2025-05-01,CFI,0.1,,,,,False,False
85395200,cics_7,tecnologia_nacional,2024-12-26,2025-05-01,CFI ou PPB,0.1,portaria_DesIn,0.1,,,False,False
84295119,cics_7,conteudo_nacional,2024-12-26,2025-05-01,CFI,0.1,,,,,False,False
84304110,cics_4,conteudo_nacional,2024-11-11,2024-12-25,CFI,0.1,,,,,False,False
84431990,cics_7,tecnologia_nacional,2024-12-26,2025-05-01,CFI ou PPB,0.1,portaria_DesIn,0.1,,,False,False
84433191,cics_7,tecnologia_nacional,2024-12-26,2025-05-01,CFI ou PPB,0.1,portaria_DesIn,0.1,,,False,False
84433237,cics_7,tecnologia_nacional,2024-12-26,2025-05-01,CFI ou PPB,0.1,portaria_DesIn,0.1,,,False,False
84433240,cics_7,tecnologia_nacional,2024-12-26,2025-05-01,CFI ou PPB,0.1,portaria_DesIn,0.1,,,False,False
84433910,cics_7,tecnologia_nacional,2024-12-26,2025-05-01,CFI ou PPB,0.1,portaria_DesIn,0.1,,,False,False
84715010,cics_4,tecnologia_nacional,2024-11-11,2024-12-25,CFI ou PPB,0.1,portaria_DesIn,0.1,,,False,False
84716061,cics_4,tecnologia_nacional,2024-11-11,2024-12-25,CFI ou PPB,0.1,portaria_DesIn,0.1,,,False,False
84733039,cics_4,tecnologia_nacional,2024-11-11,2024-12-25,CFI ou PPB,0.1,portaria_DesIn,0.1,,,False,False
85075090,cics_4,tecnologia_nacional,2024-11-11,2024-12-25,CFI ou PPB,0.1,portaria_DesIn,0.1,,,False,False
85171890,cics_7,tecnologia_nacional,2024-12-26,2025-05-01,CFI ou PPB,0.1,portaria_DesIn,0.1,,,False,False
85176255,cics_7,tecnologia_nacional,2024-12-26,2025-05-01,CFI ou PPB,0.1,portaria_DesIn,0.1,,,False,False
85235900,cics_8,tecnologia_nacional,2025-05-02,,CFI ou PPB,0.1,portaria_DesIn,0.1,,,True,True
85238000,cics_8,tecnologia_nacional,2025-05-02,,CFI ou PPB,0.1,portaria_DesIn,0.1,,,True,True
85255022,cics_8,tecnologia_nacional,2025-05-02,,CFI ou PPB,0.1,portaria_DesIn,0.1,,,True,True
85409140,cics_8,tecnologia_nacional,2025-05-02,,CFI ou PPB,0.1,portaria_DesIn,0.1,,,True,True
85414900,cics_7,tecnologia_nacional,2024-12-26,2025-05-01,CFI ou PPB,0.1,portaria_DesIn,0.1,,,False,False
85411029,cics_7,tecnologia_nacional,2024-12-26,2025-05-01,CFI ou PPB,0.1,portaria_DesIn,0.1,,,False,False
85423311,cics_4,tecnologia_nacional,2024-11-11,2024-12-25,CFI ou PPB,0.1,portaria_DesIn,0.1,,,False,False
87019300,cics_7,conteudo_nacional,2024-12-26,2025-05-01,CFI,0.1,,,,,False,False
90273019,cics_7,tecnologia_nacional,2024-12-26,2025-05-01,CFI ou PPB,0.1,portaria_DesIn,0.1,,,False,False
90275020,cics_7,tecnologia_nacional,2024-12-26,2025-05-01,CFI ou PPB,0.1,portaria_DesIn,0.1,,,False,False
90291010,cics_4,tecnologia_nacional,2024-11-11,2024-12-25,CFI ou PPB,0.1,portaria_DesIn,0.1,,,False,False
90299090,cics_4,tecnologia_nacional,2024-11-11,2024-12-25,CFI ou PPB,0.1,portaria_DesIn,0.1,,,False,False
90301010,cics_4,tecnologia_nacional,2024-11-11,2024-12-25,CFI ou PPB,0.1,portaria_DesIn,0.1,,,False,False
90312010,cics_4,tecnologia_nacional,2024-11-11,2024-12-25,CFI ou PPB,0.1,portaria_DesIn,0.1,,,False,False
90311000,cics_4,tecnologia_nacional,2024-11-11,2024-12-25,CFI ou PPB,0.1,portaria_DesIn,0.1,,,False,False
90328982,cics_4,tecnologia_nacional,2024-11-11,2024-12-25,CFI ou PPB,0.1,portaria_DesIn,0.1,,,False,False
90329099,cics_4,tecnologia_nacional,2024-11-11,2024-12-25,CFI ou PPB,0.1,portaria_DesIn,0.1,,,False,False
30043100,cics_7,tecnologia_nacional,2024-12-26,2025-05-01,MedNac,0.05,MedIFANac,0.1,,,False,False
30049014,cics_7,tecnologia_nacional,2024-12-26,2025-05-01,MedNac,0.05,MedIFANac,0.1,,,False,False
84303110,cics_3,conteudo_nacional,2024-11-10,2024-11-10,CFI,0.1,,,,,True,False
84304120,cics_3,conteudo_nacional,2024-11-10,2024-11-10,CFI,0.1,,,,,True,False
86031000,cics_1,conteudo_nacional,2024-09-01,2024-11-09,CFI,0.1,,,,,True,False
86061000,cics_1,conteudo_nacional,2024-09-01,2024-11-09,CFI,0.1,,,,,True,False
90251990,cics_7,tecnologia_nacional,2024-12-26,2025-05-01,CFI ou PPB,0.1,portaria_DesIn,0.1,,,False,False
84233019,cics_4,tecnologia_nacional,2024-11-11,2024-12-25,CFI ou PPB,0.1,portaria_DesIn,0.1,,,False,False
84295121,cics_7,conteudo_nacional,2024-12-26,2025-05-01,CFI,0.1,,,,,False,False
84431190,cics_7,tecnologia_nacional,2024-12-26,2025-05-01,CFI ou PPB,0.1,portaria_DesIn,0.1,,,False,False
84431310,cics_7,tecnologia_nacional,2024-12-26,2025-05-01,CFI ou PPB,0.1,portaria_DesIn,0.1,,,False,False
84433223,cics_7,tecnologia_nacional,2024-12-26,2025-05-01,CFI ou PPB,0.1,portaria_DesIn,0.1,,,False,False
84433928,cics_7,tecnologia_nacional,2024-12-26,2025-05-01,CFI ou PPB,0.1,portaria_DesIn,0.1,,,False,False
84715020,cics_4,tecnologia_nacional,2024-11-11,2024-12-25,CFI ou PPB,0.1,portaria_DesIn,0.1,,,False,False
84732990,cics_4,tecnologia_nacional,2024-11-11,2024-12-25,CFI ou PPB,0.1,portaria_DesIn,0.1,,,False,False
84733011,cics_4,tecnologia_nacional,2024-11-11,2024-12-25,CFI ou PPB,0.1,portaria_DesIn,0.1,,,False,False
84733032,cics_4,tecnologia_nacional,2024-11-11,2024-12-25,CFI ou PPB,0.1,portaria_DesIn,0.1,,,False,False
84733041,cics_4,tecnologia_nacional,2024-11-11,2024-12-25,CFI ou PPB,0.1,portaria_DesIn,0.1,,,False,False
85176264,cics_7,tecnologia_nacional,2024-12-26,2025-05-01,CFI ou PPB,0.1,portaria_DesIn,0.1,,,False,False
85176278,cics_7,tecnologia_nacional,2024-12-26,2025-05-01,CFI ou PPB,0.1,portaria_DesIn,0.1,,,False,False
85193000,cics_8,tecnologia_nacional,2025-05-02,,CFI ou PPB,0.1,portaria_DesIn,0.1,,,True,True
85221000,cics_8,tecnologia_nacional,2025-05-02,,CFI ou PPB,0.1,portaria_DesIn,0.1,,,True,True
85229000,cics_8,tecnologia_nacional,2025-05-02,,CFI ou PPB,0.1,portaria_DesIn,0.1,,,True,True
85258914,cics_8,tecnologia_nacional,2025-05-02,,CFI ou PPB,0.1,portaria_DesIn,0.1,,,True,True
85255024,cics_8,tecnologia_nacional,2025-05-02,,CFI ou PPB,0.1,portaria_DesIn,0.1,,,True,True
85299050,cics_8,tecnologia_nacional,2025-05-02,,CFI ou PPB,0.1,portaria_DesIn,0.1,,,True,True
85407900,cics_8,tecnologia_nacional,2025-05-02,,CFI ou PPB,0.1,portaria_DesIn,0.1,,,True,True
85409110,cics_8,tecnologia_nacional,2025-05-02,,CFI ou PPB,0.1,portaria_DesIn,0.1,,,True,True
85404000,cics_8,tecnologia_nacional,2025-05-02,,CFI ou PPB,0.1,portaria_DesIn,0.1,,,True,True
85412199,cics_7,tecnologia_nacional,2024-12-26,2025-05-01,CFI ou PPB,0.1,portaria_DesIn,0.1,,,False,False
85423229,cics_4,tecnologia_nacional,2024-11-11,2024-12-25,CFI ou PPB,0.1,portaria_DesIn,0.1,,,False,False
85423210,cics_4,tecnologia_nacional,2024-11-11,2024-12-25,CFI ou PPB,0.1,portaria_DesIn,0.1,,,False,False
85423319,cics_4,tecnologia_nacional,2024-11-11,2024-12-25,CFI ou PPB,0.1,portaria_DesIn,0.1,,,False,False
87012400,cics_7,conteudo_nacional,2024-12-26,2025-05-01,CFI,0.1,,,,,False,False
87019100,cics_7,conteudo_nacional,2024-12-26,2025-05-01,CFI,0.1,,,,,False,False
87029000,cics_7,conteudo_nacional,2024-12-26,2025-05-01,CFI,0.1,,,,,False,False
90065310,cics_8,tecnologia_nacional,2025-05-02,,CFI ou PPB,0.1,portaria_DesIn,0.1,,,True,True
90064000,cics_8,tecnologia_nacional,2025-05-02,,CFI ou PPB,0.1,portaria_DesIn,0.1,,,True,True
90271000,cics_7,tecnologia_nacional,2024-12-26,2025-05-01,CFI ou PPB,0.1,portaria_DesIn,0.1,,,False,False
90282010,cics_7,tecnologia_nacional,2024-12-26,2025-05-01,CFI ou PPB,0.1,portaria_DesIn,0.1,,,False,False
90291090,cics_4,tecnologia_nacional,2024-11-11,2024-12-25,CFI ou PPB,0.1,portaria_DesIn,0.1,,,False,False
90308940,cics_4,tecnologia_nacional,2024-11-11,2024-12-25,CFI ou PPB,0.1,portaria_DesIn,0.1,,,False,False
90318040,cics_4,tecnologia_nacional,2024-11-11,2024-12-25,CFI ou PPB,0.1,portaria_DesIn,0.1,,,False,False
90328990,cics_4,tecnologia_nacional,2024-11-11,2024-12-25,CFI ou PPB,0.1,portaria_DesIn,0.1,,,False,False
30021211,cics_7,tecnologia_nacional,2024-12-26,2025-05-01,MedNac,0.05,MedIFANac,0.1,,,False,False
30021212,cics_4,tecnologia_nacional,2024-11-11,2024-12-25,MedNac,0.05,MedIFANac,0.1,,,False,False
30042059,cics_7,tecnologia_nacional,2024-12-26,2025-05-01,MedNac,0.05,MedIFANac,0.1,,,False,False
30049039,cics_4,tecnologia_nacional,2024-11-11,2024-12-25,MedNac,0.05,MedIFANac,0.1,,,False,False
30046000,cics_7,tecnologia_nacional,2024-12-26,2025-05-01,MedNac,0.05,MedIFANac,0.1,,,False,False
85395200,cics_4,tecnologia_nacional,2024-11-11,2024-12-25,CFI ou PPB,0.1,portaria_DesIn,0.1,,,False,False
84295119,cics_4,conteudo_nacional,2024-11-11,2024-12-25,CFI,0.1,,,,,False,False
84304110,cics_8,conteudo_nacional,2025-05-02,,CFI,0.1,,,,,True,True
84431990,cics_4,tecnologia_nacional,2024-11-11,2024-12-25,CFI ou PPB,0.1,portaria_DesIn,0.1,,,False,False
84433191,cics_4,tecnologia_nacional,2024-11-11,2024-12-25,CFI ou PPB,0.1,portaria_DesIn,0.1,,,False,False
84433237,cics_4,tecnologia_nacional,2024-11-11,2024-12-25,CFI ou PPB,0.1,portaria_DesIn,0.1,,,False,False
84433240,cics_4,tecnologia_nacional,2024-11-11,2024-12-25,CFI ou PPB,0.1,portaria_DesIn,0.1,,,False,False
84433910,cics_4,tecnologia_nacional,2024-11-11,2024-12-25,CFI ou PPB,0.1,portaria_DesIn,0.1,,,False,False
84715010,cics_8,tecnologia_nacional,2025-05-02,,CFI ou PPB,0.1,portaria_DesIn,0.1,,,True,True
84716061,cics_8,tecnologia_nacional,2025-05-02,,CFI ou PPB,0.1,portaria_DesIn,0.1,,,True,True
84733039,cics_8,tecnologia_nacional,2025-05-02,,CFI ou PPB,0.1,portaria_DesIn,0.1,,,True,True
85075090,cics_8,tecnologia_nacional,2025-05-02,,CFI ou PPB,0.1,portaria_DesIn,0.1,,,True,True
85171890,cics_4,tecnologia_nacional,2024-11-11,2024-12-25,CFI ou PPB,0.1,portaria_DesIn,0.1,,,False,False
85176255,cics_4,tecnologia_nacional,2024-11-11,2024-12-25,CFI ou PPB,0.1,portaria_DesIn,0.1,,,False,False
85414900,cics_4,tecnologia_nacional,2024-11-11,2024-12-25,CFI ou PPB,0.1,portaria_DesIn,0.1,,,False,False
85411029,cics_4,tecnologia_nacional,2024-11-11,2024-12-25,CFI ou PPB,0.1,portaria_DesIn,0.1,,,False,False
85423311,cics_8,tecnologia_nacional,2025-05-02,,CFI ou PPB,0.1,portaria_DesIn,0.1,,,True,True
87019300,cics_4,conteudo_nacional,2024-11-11,2024-12-25,CFI,0.1,,,,,False,False
90273019,cics_4,tecnologia_nacional,2024-11-11,2024-12-25,CFI ou PPB,0.1,portaria_DesIn,0.1,,,False,False
90275020,cics_4,tecnologia_nacional,2024-11-11,2024-12-25,CFI ou PPB,0.1,portaria_DesIn,0.1,,,False,False
90291010,cics_8,tecnologia_nacional,2025-05-02,,CFI ou PPB,0.1,portaria_DesIn,0.1,,,True,True
90299090,cics_8,tecnologia_nacional,2025-05-02,,CFI ou PPB,0.1,portaria_DesIn,0.1,,,True,True
90301010,cics_8,tecnologia_nacional,2025-05-02,,CFI ou PPB,0.1,portaria_DesIn,0.1,,,True,True
90312010,cics_8,tecnologia_nacional,2025-05-02,,CFI ou PPB,0.1,portaria_DesIn,0.1,,,True,True
90311000,cics_8,tecnologia_nacional,2025-05-02,,CFI ou PPB,0.1,portaria_DesIn,0.1,,,True,True
90328982,cics_8,tecnologia_nacional,2025-05-02,,CFI ou PPB,0.1,portaria_DesIn,0.1,,,True,True
90329099,cics_8,tecnologia_nacional,2025-05-02,,CFI ou PPB,0.1,portaria_DesIn,0.1,,,True,True
30043100,cics_4,tecnologia_nacional,2024-11-11,2024-12-25,MedNac,0.05,MedIFANac,0.1,,,False,False
30049014,cics_4,tecnologia_nacional,2024-11-11,2024-12-25,MedNac,0.05,MedIFANac,0.1,,,False,False
90251990,cics_4,tecnologia_nacional,2024-11-11,2024-12-25,CFI ou PPB,0.1,portaria_DesIn,0.1,,,False,False
84233019,cics_8,tecnologia_nacional,2025-05-02,,CFI ou PPB,0.1,portaria_DesIn,0.1,,,True,True
84295121,cics_4,conteudo_nacional,2024-11-11,2024-12-25,CFI,0.1,,,,,False,False
84431190,cics_4,tecnologia_nacional,2024-11-11,2024-12-25,CFI ou PPB,0.1,portaria_DesIn,0.1,,,False,False
84431310,cics_4,tecnologia_nacional,2024-11-11,2024-12-25,CFI ou PPB,0.1,portaria_DesIn,0.1,,,False,False
84433223,cics_4,tecnologia_nacional,2024-11-11,2024-12-25,CFI ou PPB,0.1,portaria_DesIn,0.1,,,False,False
84433928,cics_4,tecnologia_nacional,2024-11-11,2024-12-25,CFI ou PPB,0.1,portaria_DesIn,0.1,,,False,False
84715020,cics_8,tecnologia_nacional,2025-05-02,,CFI ou PPB,0.1,portaria_DesIn,0.1,,,True,True
84732990,cics_8,tecnologia_nacional,2025-05-02,,CFI ou PPB,0.1,portaria_DesIn,0.1,,,True,True
84733011,cics_8,tecnologia_nacional,2025-05-02,,CFI ou PPB,0.1,portaria_DesIn,0.1,,,True,True
84733032,cics_8,tecnologia_nacional,2025-05-02,,CFI ou PPB,0.1,portaria_DesIn,0.1,,,True,True
84733041,cics_8,tecnologia_nacional,2025-05-02,,CFI ou PPB,0.1,portaria_DesIn,0.1,,,True,True
85176264,cics_4,tecnologia_nacional,2024-11-11,2024-12-25,CFI ou PPB,0.1,portaria_DesIn,0.1,,,False,False
85176278,cics_4,tecnologia_nacional,2024-11-11,2024-12-25,CFI ou PPB,0.1,portaria_DesIn,0.1,,,False,False
85412199,cics_4,tecnologia_nacional,2024-11-11,2024-12-25,CFI ou PPB,0.1,portaria_DesIn,0.1,,,False,False
85423229,cics_8,tecnologia_nacional,2025-05-02,,CFI ou PPB,0.1,portaria_DesIn,0.1,,,True,True
85423210,cics_8,tecnologia_nacional,2025-05-02,,CFI ou PPB,0.1,portaria_DesIn,0.1,,,True,True
85423319,cics_8,tecnologia_nacional,2025-05-02,,CFI ou PPB,0.1,portaria_DesIn,0.1,,,True,True
87012400,cics_4,conteudo_nacional,2024-11-11,2024-12-25,CFI,0.1,,,,,False,False
87019100,cics_4,conteudo_nacional,2024-11-11,2024-12-25,CFI,0.1,,,,,False,False
87029000,cics_4,conteudo_nacional,2024-11-11,2024-12-25,CFI,0.1,,,,,False,False
90271000,cics_4,tecnologia_nacional,2024-11-11,2024-12-25,CFI ou PPB,0.1,portaria_DesIn,0.1,,,False,False
90282010,cics_4,tecnologia_nacional,2024-11-11,2024-12-25,CFI ou PPB,0.1,portaria_DesIn,0.1,,,False,False
90291090,cics_8,tecnologia_nacional,2025-05-02,,CFI ou PPB,0.1,portaria_DesIn,0.1,,,True,True
90308940,cics_8,tecnologia_nacional,2025-05-02,,CFI ou PPB,0.1,portaria_DesIn,0.1,,,True,True
90318040,cics_8,tecnologia_nacional,2025-05-02,,CFI ou PPB,0.1,portaria_DesIn,0.1,,,True,True
90328990,cics_8,tecnologia_nacional,2025-05-02,,CFI ou PPB,0.1,portaria_DesIn,0.1,,,True,True
30021211,cics_4,tecnologia_nacional,2024-11-11,2024-12-25,MedNac,0.05,MedIFANac,0.1,,,False,False
30021212,cics_8,tecnologia_nacional,2025-05-02,,MedNac,0.05,MedIFANac,0.1,,,True,True
30042059,cics_4,tecnologia_nacional,2024-11-11,2024-12-25,MedNac,0.05,MedIFANac,0.1,,,False,False
30049039,cics_8,tecnologia_nacional,2025-05-02,,MedNac,0.05,MedIFANac,0.1,,,True,True
30046000,cics_4,tecnologia_nacional,2024-11-11,2024-12-25,MedNac,0.05,MedIFANac,0.1,,,False,False
85395200,cics_8,tecnologia_nacional,2025-05-02,,CFI ou PPB,0.1,portaria_DesIn,0.1,,,True,True
84295119,cics_8,conteudo_nacional,2025-05-02,,CFI,0.1,,,,,True,True
84304110,cics_7,conteudo_nacional,2024-12-26,2025-05-01,CFI,0.1,,,,,False,False
84431990,cics_8,tecnologia_nacional,2025-05-02,,CFI ou PPB,0.1,portaria_DesIn,0.1,,,True,True
84433191,cics_8,tecnologia_nacional,2025-05-02,,CFI ou PPB,0.1,portaria_DesIn,0.1,,,True,True
84433237,cics_8,tecnologia_nacional,2025-05-02,,CFI ou PPB,0.1,portaria_DesIn,0.1,,,True,True
84433240,cics_8,tecnologia_nacional,2025-05-02,,CFI ou PPB,0.1,portaria_DesIn,0.1,,,True,True
84433910,cics_8,tecnologia_nacional,2025-05-02,,CFI ou PPB,0.1,portaria_DesIn,0.1,,,True,True
84715010,cics_7,tecnologia_nacional,2024-12-26,2025-05-01,CFI ou PPB,0.1,portaria_DesIn,0.1,,,False,False
84716061,cics_7,tecnologia_nacional,2024-12-26,2025-05-01,CFI ou PPB,0.1,portaria_DesIn,0.1,,,False,False
84733039,cics_7,tecnologia_nacional,2024-12-26,2025-05-01,CFI ou PPB,0.1,portaria_DesIn,0.1,,,False,False
85075090,cics_7,tecnologia_nacional,2024-12-26,2025-05-01,CFI ou PPB,0.1,portaria_DesIn,0.1,,,False,False
85171890,cics_8,tecnologia_nacional,2025-05-02,,CFI ou PPB,0.1,portaria_DesIn,0.1,,,True,True
85176255,cics_8,tecnologia_nacional,2025-05-02,,CFI ou PPB,0.1,portaria_DesIn,0.1,,,True,True
85414900,cics_8,tecnologia_nacional,2025-05-02,,CFI ou PPB,0.1,portaria_DesIn,0.1,,,True,True
85411029,cics_8,tecnologia_nacional,2025-05-02,,CFI ou PPB,0.1,portaria_DesIn,0.1,,,True,True
85423311,cics_7,tecnologia_nacional,2024-12-26,2025-05-01,CFI ou PPB,0.1,portaria_DesIn,0.1,,,False,False
87019300,cics_8,conteudo_nacional,2025-05-02,,CFI,0.1,,,,,True,True
90273019,cics_8,tecnologia_nacional,2025-05-02,,CFI ou PPB,0.1,portaria_DesIn,0.1,,,True,True
90275020,cics_8,tecnologia_nacional,2025-05-02,,CFI ou PPB,0.1,portaria_DesIn,0.1,,,True,True
90291010,cics_7,tecnologia_nacional,2024-12-26,2025-05-01,CFI ou PPB,0.1,portaria_DesIn,0.1,,,False,False
90299090,cics_7,tecnologia_nacional,2024-12-26,2025-05-01,CFI ou PPB,0.1,portaria_DesIn,0.1,,,False,False
90301010,cics_7,tecnologia_nacional,2024-12-26,2025-05-01,CFI ou PPB,0.1,portaria_DesIn,0.1,,,False,False
90312010,cics_7,tecnologia_nacional,2024-12-26,2025-05-01,CFI ou PPB,0.1,portaria_DesIn,0.1,,,False,False
90311000,cics_7,tecnologia_nacional,2024-12-26,2025-05-01,CFI ou PPB,0.1,portaria_DesIn,0.1,,,False,False
90328982,cics_7,tecnologia_nacional,2024-12-26,2025-05-01,CFI ou PPB,0.1,portaria_DesIn,0.1,,,False,False
90329099,cics_7,tecnologia_nacional,2024-12-26,2025-05-01,CFI ou PPB,0.1,portaria_DesIn,0.1,,,False,False
30043100,cics_8,tecnologia_nacional,2025-05-02,,MedNac,0.05,MedIFANac,0.1,,,True,True
30049014,cics_8,tecnologia_nacional,2025-05-02,,MedNac,0.05,MedIFANac,0.1,,,True,True
90251990,cics_8,tecnologia_nacional,2025-05-02,,CFI ou PPB,0.1,portaria_DesIn,0.1,,,True,True
84233019,cics_7,tecnologia_nacional,2024-12-26,2025-05-01,CFI ou PPB,0.1,portaria_DesIn,0.1,,,False,False
84295121,cics_8,conteudo_nacional,2025-05-02,,CFI,0.1,,,,,True,True
84431190,cics_8,tecnologia_nacional,2025-05-02,,CFI ou PPB,0.1,portaria_DesIn,0.1,,,True,True
84431310,cics_8,tecnologia_nacional,2025-05-02,,CFI ou PPB,0.1,portaria_DesIn,0.1,,,True,True
84433223,cics_8,tecnologia_nacional,2025-05-02,,CFI ou PPB,0.1,portaria_DesIn,0.1,,,True,True
84433928,cics_8,tecnologia_nacional,2025-05-02,,CFI ou PPB,0.1,portaria_DesIn,0.1,,,True,True
84715020,cics_7,tecnologia_nacional,2024-12-26,2025-05-01,CFI ou PPB,0.1,portaria_DesIn,0.1,,,False,False
84732990,cics_7,tecnologia_nacional,2024-12-26,2025-05-01,CFI ou PPB,0.1,portaria_DesIn,0.1,,,False,False
84733011,cics_7,tecnologia_nacional,2024-12-26,2025-05-01,CFI ou PPB,0.1,portaria_DesIn,0.1,,,False,False
84733032,cics_7,tecnologia_nacional,2024-12-26,2025-05-01,CFI ou PPB,0.1,portaria_DesIn,0.1,,,False,False
84733041,cics_7,tecnologia_nacional,2024-12-26,2025-05-01,CFI ou PPB,0.1,portaria_DesIn,0.1,,,False,False
85176264,cics_8,tecnologia_nacional,2025-05-02,,CFI ou PPB,0.1,portaria_DesIn,0.1,,,True,True
85176278,cics_8,tecnologia_nacional,2025-05-02,,CFI ou PPB,0.1,portaria_DesIn,0.1,,,True,True
85412199,cics_8,tecnologia_nacional,2025-05-02,,CFI ou PPB,0.1,portaria_DesIn,0.1,,,True,True
85423229,cics_7,tecnologia_nacional,2024-12-26,2025-05-01,CFI ou PPB,0.1,portaria_DesIn,0.1,,,False,False
85423210,cics_7,tecnologia_nacional,2024-12-26,2025-05-01,CFI ou PPB,0.1,portaria_DesIn,0.1,,,False,False
85423319,cics_7,tecnologia_nacional,2024-12-26,2025-05-01,CFI ou PPB,0.1,portaria_DesIn,0.1,,,False,False
87012400,cics_8,conteudo_nacional,2025-05-02,,CFI,0.1,,,,,True,True
87019100,cics_8,conteudo_nacional,2025-05-02,,CFI,0.1,,,,,True,True
87029000,cics_8,conteudo_nacional,2025-05-02,,CFI,0.1,,,,,True,True
90271000,cics_8,tecnologia_nacional,2025-05-02,,CFI ou PPB,0.1,portaria_DesIn,0.1,,,True,True
90282010,cics_8,tecnologia_nacional,2025-05-02,,CFI ou PPB,0.1,portaria_DesIn,0.1,,,True,True
90291090,cics_7,tecnologia_nacional,2024-12-26,2025-05-01,CFI ou PPB,0.1,portaria_DesIn,0.1,,,False,False
90308940,cics_7,tecnologia_nacional,2024-12-26,2025-05-01,CFI ou PPB,0.1,portaria_DesIn,0.1,,,False,False
90318040,cics_7,tecnologia_nacional,2024-12-26,2025-05-01,CFI ou PPB,0.1,portaria_DesIn,0.1,,,False,False
90328990,cics_7,tecnologia_nacional,2024-12-26,2025-05-01,CFI ou PPB,0.1,portaria_DesIn,0.1,,,False,False
30021211,cics_8,tecnologia_nacional,2025-05-02,,MedNac,0.05,MedIFANac,0.1,,,True,True
30021212,cics_7,tecnologia_nacional,2024-12-26,2025-05-01,MedNac,0.05,MedIFANac,0.1,,,False,False
30042059,cics_8,tecnologia_nacional,2025-05-02,,MedNac,0.05,MedIFANac,0.1,,,True,True
30049039,cics_7,tecnologia_nacional,2024-12-26,2025-05-01,MedNac,0.05,MedIFANac,0.1,,,False,False
30046000,cics_8,tecnologia_nacional,2025-05-02,,MedNac,0.05,MedIFANac,0.1,,,True,True
84294000,cics_3,conteudo_nacional,2024-11-10,2024-11-10,CFI,0.1,,,,,True,False
84303990,cics_3,conteudo_nacional,2024-11-10,2024-11-10,CFI,0.1,,,,,True,False
85017210,cics_3,conteudo_nacional,2024-11-10,2024-11-10,CFI-A,0.1,,,,,True,False
85018000,cics_3,conteudo_nacional,2024-11-10,2024-11-10,CFI-A,0.1,,,,,False,False
86069200,cics_1,conteudo_nacional,2024-09-01,2024-11-09,CFI,0.1,,,,,True,False
86071110,cics_7,conteudo_nacional,2024-12-26,2025-05-01,CFI,0.1,,,,,False,False
87012900,cics_3,conteudo_nacional,2024-11-10,2024-11-10,CFI,0.1,,,,,True,False
87019100,cics_3,conteudo_nacional,2024-11-10,2024-11-10,CFI,0.1,,,,,True,False
87013000,cics_3,conteudo_nacional,2024-11-10,2024-11-10,CFI,0.1,,,,,True,False
84719013,cics_4,tecnologia_nacional,2024-11-11,2024-12-25,CFI ou PPB,0.1,portaria_DesIn,0.1,,,False,False
84733019,cics_4,tecnologia_nacional,2024-11-11,2024-12-25,CFI ou PPB,0.1,portaria_DesIn,0.1,,,False,False
85073011,cics_4,tecnologia_nacional,2024-11-11,2024-12-25,CFI ou PPB,0.1,portaria_DesIn,0.1,,,False,False
85075020,cics_4,tecnologia_nacional,2024-11-11,2024-12-25,CFI ou PPB,0.1,portaria_DesIn,0.1,,,False,False
85258921,cics_8,tecnologia_nacional,2025-05-02,,CFI ou PPB,0.1,portaria_DesIn,0.1,,,True,True
85258300,cics_8,tecnologia_nacional,2025-05-02,,CFI ou PPB,0.1,portaria_DesIn,0.1,,,True,True
85286200,cics_8,tecnologia_nacional,2025-05-02,,CFI ou PPB,0.1,portaria_DesIn,0.1,,,True,True
85287190,cics_8,tecnologia_nacional,2025-05-02,,CFI ou PPB,0.1,portaria_DesIn,0.1,,,True,True
85408100,cics_8,tecnologia_nacional,2025-05-02,,CFI ou PPB,0.1,portaria_DesIn,0.1,,,True,True
85409130,cics_8,tecnologia_nacional,2025-05-02,,CFI ou PPB,0.1,portaria_DesIn,0.1,,,True,True
85402011,cics_8,tecnologia_nacional,2025-05-02,,CFI ou PPB,0.1,portaria_DesIn,0.1,,,True,True
85402019,cics_8,tecnologia_nacional,2025-05-02,,CFI ou PPB,0.1,portaria_DesIn,0.1,,,True,True
85406090,cics_8,tecnologia_nacional,2025-05-02,,CFI ou PPB,0.1,portaria_DesIn,0.1,,,True,True
85414111,cics_7,tecnologia_nacional,2024-12-26,2025-05-01,CFI ou PPB,0.1,portaria_DesIn,0.1,,,False,False
85411019,cics_7,tecnologia_nacional,2024-12-26,2025-05-01,CFI ou PPB,0.1,portaria_DesIn,0.1,,,False,False
86012000,cics_7,conteudo_nacional,2024-12-26,2025-05-01,CFI,0.1,,,,,False,False
86029000,cics_4,conteudo_nacional,2024-11-11,2024-12-25,CFI,0.1,,,,,False,False
87019590,cics_7,conteudo_nacional,2024-12-26,2025-05-01,CFI,0.1,,,,,False,False
87024090,cics_7,conteudo_nacional,2024-12-26,2025-05-01,CFI,0.1,,,,,False,False
90066900,cics_8,tecnologia_nacional,2025-05-02,,CFI ou PPB,0.1,portaria_DesIn,0.1,,,True,True
90281090,cics_7,tecnologia_nacional,2024-12-26,2025-05-01,CFI ou PPB,0.1,portaria_DesIn,0.1,,,False,False
90283011,cics_7,tecnologia_nacional,2024-12-26,2025-05-01,CFI ou PPB,0.1,portaria_DesIn,0.1,,,False,False
90303329,cics_4,tecnologia_nacional,2024-11-11,2024-12-25,CFI ou PPB,0.1,portaria_DesIn,0.1,,,False,False
90308910,cics_4,tecnologia_nacional,2024-11-11,2024-12-25,CFI ou PPB,0.1,portaria_DesIn,0.1,,,False,False
90314100,cics_4,tecnologia_nacional,2024-11-11,2024-12-25,CFI ou PPB,0.1,portaria_DesIn,0.1,,,False,False
90328983,cics_4,tecnologia_nacional,2024-11-11,2024-12-25,CFI ou PPB,0.1,portaria_DesIn,0.1,,,False,False
90328984,cics_4,tecnologia_nacional,2024-11-11,2024-12-25,CFI ou PPB,0.1,portaria_DesIn,0.1,,,False,False
30024125,cics_4,tecnologia_nacional,2024-11-11,2024-12-25,MedNac,0.05,MedIFANac,0.1,,,False,False
84295111,cics_3,conteudo_nacional,2024-11-10,2024-11-10,CFI,0.1,,,,,True,False
84306100,cics_3,conteudo_nacional,2024-11-10,2024-11-10,CFI,0.1,,,,,True,False
85018000,cics_7,conteudo_nacional,2024-12-26,2025-05-01,CFI-A,0.1,,,,,False,False
86071110,cics_1,conteudo_nacional,2024-09-01,2024-11-09,CFI,0.1,,,,,False,False
84719013,cics_8,tecnologia_nacional,2025-05-02,,CFI ou PPB,0.1,portaria_DesIn,0.1,,,True,True
84733019,cics_8,tecnologia_nacional,2025-05-02,,CFI ou PPB,0.1,portaria_DesIn,0.1,,,True,True
85073011,cics_8,tecnologia_nacional,2025-05-02,,CFI ou PPB,0.1,portaria_DesIn,0.1,,,True,True
85075020,cics_8,tecnologia_nacional,2025-05-02,,CFI ou PPB,0.1,portaria_DesIn,0.1,,,True,True
85414111,cics_4,tecnologia_nacional,2024-11-11,2024-12-25,CFI ou PPB,0.1,portaria_DesIn,0.1,,,False,False
85411019,cics_4,tecnologia_nacional,2024-11-11,2024-12-25,CFI ou PPB,0.1,portaria_DesIn,0.1,,,False,False
86012000,cics_4,conteudo_nacional,2024-11-11,2024-12-25,CFI,0.1,,,,,False,False
86029000,cics_8,conteudo_nacional,2025-05-02,,CFI,0.1,,,,,True,True
87019590,cics_4,conteudo_nacional,2024-11-11,2024-12-25,CFI,0.1,,,,,False,False
87024090,cics_4,conteudo_nacional,2024-11-11,2024-12-25,CFI,0.1,,,,,False,False
90281090,cics_4,tecnologia_nacional,2024-11-11,2024-12-25,CFI ou PPB,0.1,portaria_DesIn,0.1,,,False,False
90283011,cics_4,tecnologia_nacional,2024-11-11,2024-12-25,CFI ou PPB,0.1,portaria_DesIn,0.1,,,False,False
90303329,cics_8,tecnologia_nacional,2025-05-02,,CFI ou PPB,0.1,portaria_DesIn,0.1,,,True,True
90308910,cics_8,tecnologia_nacional,2025-05-02,,CFI ou PPB,0.1,portaria_DesIn,0.1,,,True,True
90314100,cics_8,tecnologia_nacional,2025-05-02,,CFI ou PPB,0.1,portaria_DesIn,0.1,,,True,True
90328983,cics_8,tecnologia_nacional,2025-05-02,,CFI ou PPB,0.1,portaria_DesIn,0.1,,,True,True
90328984,cics_8,tecnologia_nacional,2025-05-02,,CFI ou PPB,0.1,portaria_DesIn,0.1,,,True,True
30024125,cics_8,tecnologia_nacional,2025-05-02,,MedNac,0.05,MedIFANac,0.1,,,True,True
85018000,cics_4,conteudo_nacional,2024-11-11,2024-12-25,CFI-A,0.1,,,,,False,False
86071110,cics_4,conteudo_nacional,2024-11-11,2024-12-25,CFI,0.1,,,,,False,False
84719013,cics_7,tecnologia_nacional,2024-12-26,2025-05-01,CFI ou PPB,0.1,portaria_DesIn,0.1,,,False,False
84733019,cics_7,tecnologia_nacional,2024-12-26,2025-05-01,CFI ou PPB,0.1,portaria_DesIn,0.1,,,False,False
85073011,cics_7,tecnologia_nacional,2024-12-26,2025-05-01,CFI ou PPB,0.1,portaria_DesIn,0.1,,,False,False
85075020,cics_7,tecnologia_nacional,2024-12-26,2025-05-01,CFI ou PPB,0.1,portaria_DesIn,0.1,,,False,False
85414111,cics_8,tecnologia_nacional,2025-05-02,,CFI ou PPB,0.1,portaria_DesIn,0.1,,,True,True
85411019,cics_8,tecnologia_nacional,2025-05-02,,CFI ou PPB,0.1,portaria_DesIn,0.1,,,True,True
86012000,cics_8,conteudo_nacional,2025-05-02,,CFI,0.1,,,,,True,True
86029000,cics_7,conteudo_nacional,2024-12-26,2025-05-01,CFI,0.1,,,,,False,False
87019590,cics_8,conteudo_nacional,2025-05-02,,CFI,0.1,,,,,True,True
87024090,cics_8,conteudo_nacional,2025-05-02,,CFI,0.1,,,,,True,True
90281090,cics_8,tecnologia_nacional,2025-05-02,,CFI ou PPB,0.1,portaria_DesIn,0.1,,,True,True
90283011,cics_8,tecnologia_nacional,2025-05-02,,CFI ou PPB,0.1,portaria_DesIn,0.1,,,True,True
90303329,cics_7,tecnologia_nacional,2024-12-26,2025-05-01,CFI ou PPB,0.1,portaria_DesIn,0.1,,,False,False
90308910,cics_7,tecnologia_nacional,2024-12-26,2025-05-01,CFI ou PPB,0.1,portaria_DesIn,0.1,,,False,False
90314100,cics_7,tecnologia_nacional,2024-12-26,2025-05-01,CFI ou PPB,0.1,portaria_DesIn,0.1,,,False,False
90328983,cics_7,tecnologia_nacional,2024-12-26,2025-05-01,CFI ou PPB,0.1,portaria_DesIn,0.1,,,False,False
90328984,cics_7,tecnologia_nacional,2024-12-26,2025-05-01,CFI ou PPB,0.1,portaria_DesIn,0.1,,,False,False
30024125,cics_7,tecnologia_nacional,2024-12-26,2025-05-01,MedNac,0.05,MedIFANac,0.1,,,False,False
85018000,cics_8,conteudo_nacional,2025-05-02,,CFI-A,0.1,,,,,True,True
86071110,cics_8,conteudo_nacional,2025-05-02,,CFI,0.1,,,,,True,True
85364900,cics_7,tecnologia_nacional,2024-12-26,2025-05-01,CFI ou PPB,0.1,portaria_DesIn,0.1,,,False,False
91011100,cics_8,tecnologia_nacional,2025-05-02,,CFI ou PPB,0.1,portaria_DesIn,0.1,,,True,True
91022900,cics_8,tecnologia_nacional,2025-05-02,,CFI ou PPB,0.1,portaria_DesIn,0.1,,,True,True
91039000,cics_8,tecnologia_nacional,2025-05-02,,CFI ou PPB,0.1,portaria_DesIn,0.1,,,True,True
91081900,cics_8,tecnologia_nacional,2025-05-02,,CFI ou PPB,0.1,portaria_DesIn,0.1,,,True,True
91109000,cics_8,tecnologia_nacional,2025-05-02,,CFI ou PPB,0.1,portaria_DesIn,0.1,,,True,True
91139000,cics_8,tecnologia_nacional,2025-05-02,,CFI ou PPB,0.1,portaria_DesIn,0.1,,,True,True
91070010,cics_8,tecnologia_nacional,2025-05-02,,CFI ou PPB,0.1,portaria_DesIn,0.1,,,True,True
84729030,cics_4,tecnologia_nacional,2024-11-11,2024-12-25,CFI ou PPB,0.1,portaria_DesIn,0.1,,,False,False
85044050,cics_4,tecnologia_nacional,2024-11-11,2024-12-25,CFI ou PPB,0.1,portaria_DesIn,0.1,,,False,False
85256010,cics_7,tecnologia_nacional,2024-12-26,2025-05-01,CFI ou PPB,0.1,portaria_DesIn,0.1,,,True,False
85447010,cics_4,tecnologia_nacional,2024-11-11,2024-12-25,CFI ou PPB,0.1,portaria_DesIn,0.1,,,False,False
85364900,cics_4,tecnologia_nacional,2024-11-11,2024-12-25,CFI ou PPB,0.1,portaria_DesIn,0.1,,,False,False
84729030,cics_8,tecnologia_nacional,2025-05-02,,CFI ou PPB,0.1,portaria_DesIn,0.1,,,True,True
85044050,cics_8,tecnologia_nacional,2025-05-02,,CFI ou PPB,0.1,portaria_DesIn,0.1,,,True,True
85256010,cics_4,tecnologia_nacional,2024-11-11,2024-12-25,CFI ou PPB,0.1,portaria_DesIn,0.1,,,False,False
85447010,cics_8,tecnologia_nacional,2025-05-02,,CFI ou PPB,0.1,portaria_DesIn,0.1,,,True,True
85364900,cics_8,tecnologia_nacional,2025-05-02,,CFI ou PPB,0.1,portaria_DesIn,0.1,,,True,True
84729030,cics_7,tecnologia_nacional,2024-12-26,2025-05-01,CFI ou PPB,0.1,portaria_DesIn,0.1,,,False,False
85044050,cics_7,tecnologia_nacional,2024-12-26,2025-05-01,CFI ou PPB,0.1,portaria_DesIn,0.1,,,False,False
85447010,cics_7,tecnologia_nacional,2024-12-26,2025-05-01,CFI ou PPB,0.1,portaria_DesIn,0.1,,,False,False
85235900,cics_7,tecnologia_nacional,2024-12-26,2025-05-01,CFI ou PPB,0.1,portaria_DesIn,0.1,,,True,False
85395100,cics_7,tecnologia_nacional,2024-12-26,2025-05-01,CFI ou PPB,0.1,portaria_DesIn,0.1,,,False,False
91012100,cics_8,tecnologia_nacional,2025-05-02,,CFI ou PPB,0.1,portaria_DesIn,0.1,,,True,True
91119090,cics_8,tecnologia_nacional,2025-05-02,,CFI ou PPB,0.1,portaria_DesIn,0.1,,,True,True
30021590,cics_4,tecnologia_nacional,2024-11-11,2024-12-25,MedNac,0.05,MedIFANac,0.1,,,False,False
84791010,cics_7,conteudo_nacional,2024-12-26,2025-05-01,CFI,0.1,,,,,False,False
85365010,cics_7,tecnologia_nacional,2024-12-26,2025-05-01,CFI ou PPB,0.1,portaria_DesIn,0.1,,,False,False
85235900,cics_4,tecnologia_nacional,2024-11-11,2024-12-25,CFI ou PPB,0.1,portaria_DesIn,0.1,,,False,False
85395100,cics_4,tecnologia_nacional,2024-11-11,2024-12-25,CFI ou PPB,0.1,portaria_DesIn,0.1,,,False,False
30021590,cics_8,tecnologia_nacional,2025-05-02,,MedNac,0.05,MedIFANac,0.1,,,True,True
84791010,cics_4,conteudo_nacional,2024-11-11,2024-12-25,CFI,0.1,,,,,False,False
85365010,cics_4,tecnologia_nacional,2024-11-11,2024-12-25,CFI ou PPB,0.1,portaria_DesIn,0.1,,,False,False
85395100,cics_8,tecnologia_nacional,2025-05-02,,CFI ou PPB,0.1,portaria_DesIn,0.1,,,True,True
30021590,cics_7,tecnologia_nacional,2024-12-26,2025-05-01,MedNac,0.05,MedIFANac,0.1,,,False,False
84791010,cics_8,conteudo_nacional,2025-05-02,,CFI,0.1,,,,,True,True
85365010,cics_8,tecnologia_nacional,2025-05-02,,CFI ou PPB,0.1,portaria_DesIn,0.1,,,True,True
85332120,cics_4,tecnologia_nacional,2024-11-11,2024-12-25,CFI ou PPB,0.1,portaria_DesIn,0.1,,,False,False
87019490,cics_3,conteudo_nacional,2024-11-10,2024-11-10,CFI,0.1,,,,,True,False
84293000,cics_7,conteudo_nacional,2024-12-26,2025-05-01,CFI,0.1,,,,,False,False
84304120,cics_4,conteudo_nacional,2024-11-11,2024-12-25,CFI,0.1,,,,,False,False
84304130,cics_4,conteudo_nacional,2024-11-11,2024-12-25,CFI,0.1,,,,,False,False
84431710,cics_7,tecnologia_nacional,2024-12-26,2025-05-01,CFI ou PPB,0.1,portaria_DesIn,0.1,,,False,False
84433291,cics_7,tecnologia_nacional,2024-12-26,2025-05-01,CFI ou PPB,0.1,portaria_DesIn,0.1,,,False,False
84439919,cics_7,tecnologia_nacional,2024-12-26,2025-05-01,CFI ou PPB,0.1,portaria_DesIn,0.1,,,False,False
84713019,cics_4,tecnologia_nacional,2024-11-11,2024-12-25,CFI ou PPB,0.1,portaria_DesIn,0.1,,,False,False
84715040,cics_4,tecnologia_nacional,2024-11-11,2024-12-25,CFI ou PPB,0.1,portaria_DesIn,0.1,,,False,False
84718000,cics_4,tecnologia_nacional,2024-11-11,2024-12-25,CFI ou PPB,0.1,portaria_DesIn,0.1,,,False,False
85072090,cics_4,tecnologia_nacional,2024-11-11,2024-12-25,CFI ou PPB,0.1,portaria_DesIn,0.1,,,False,False
85075010,cics_4,tecnologia_nacional,2024-11-11,2024-12-25,CFI ou PPB,0.1,portaria_DesIn,0.1,,,False,False
85171439,cics_7,tecnologia_nacional,2024-12-26,2025-05-01,CFI ou PPB,0.1,portaria_DesIn,0.1,,,False,False
85171441,cics_7,tecnologia_nacional,2024-12-26,2025-05-01,CFI ou PPB,0.1,portaria_DesIn,0.1,,,False,False
85176215,cics_7,tecnologia_nacional,2024-12-26,2025-05-01,CFI ou PPB,0.1,portaria_DesIn,0.1,,,False,False
85234190,cics_8,tecnologia_nacional,2025-05-02,,CFI ou PPB,0.1,portaria_DesIn,0.1,,,True,True
85258919,cics_8,tecnologia_nacional,2025-05-02,,CFI ou PPB,0.1,portaria_DesIn,0.1,,,True,True
85258929,cics_8,tecnologia_nacional,2025-05-02,,CFI ou PPB,0.1,portaria_DesIn,0.1,,,True,True
85271200,cics_8,tecnologia_nacional,2025-05-02,,CFI ou PPB,0.1,portaria_DesIn,0.1,,,True,True
85299012,cics_8,tecnologia_nacional,2025-05-02,,CFI ou PPB,0.1,portaria_DesIn,0.1,,,True,True
85299030,cics_8,tecnologia_nacional,2025-05-02,,CFI ou PPB,0.1,portaria_DesIn,0.1,,,True,True
85414122,cics_7,tecnologia_nacional,2024-12-26,2025-05-01,CFI ou PPB,0.1,portaria_DesIn,0.1,,,False,False
85414300,cics_7,tecnologia_nacional,2024-12-26,2025-05-01,CFI ou PPB,0.1,portaria_DesIn,0.1,,,False,False
90069190,cics_8,tecnologia_nacional,2025-05-02,,CFI ou PPB,0.1,portaria_DesIn,0.1,,,True,True
90079100,cics_8,tecnologia_nacional,2025-05-02,,CFI ou PPB,0.1,portaria_DesIn,0.1,,,True,True
90278912,cics_7,tecnologia_nacional,2024-12-26,2025-05-01,CFI ou PPB,0.1,portaria_DesIn,0.1,,,False,False
90272029,cics_7,tecnologia_nacional,2024-12-26,2025-05-01,CFI ou PPB,0.1,portaria_DesIn,0.1,,,False,False
90275050,cics_7,tecnologia_nacional,2024-12-26,2025-05-01,CFI ou PPB,0.1,portaria_DesIn,0.1,,,False,False
90299010,cics_4,tecnologia_nacional,2024-11-11,2024-12-25,CFI ou PPB,0.1,portaria_DesIn,0.1,,,False,False
90328925,cics_4,tecnologia_nacional,2024-11-11,2024-12-25,CFI ou PPB,0.1,portaria_DesIn,0.1,,,False,False
90328100,cics_4,tecnologia_nacional,2024-11-11,2024-12-25,CFI ou PPB,0.1,portaria_DesIn,0.1,,,False,False
90321010,cics_4,tecnologia_nacional,2024-11-11,2024-12-25,CFI ou PPB,0.1,portaria_DesIn,0.1,,,False,False
29362113,cics_7,tecnologia_nacional,2024-12-26,2025-05-01,MedNac,0.05,MedIFANac,0.1,,,False,False
30021215,cics_7,tecnologia_nacional,2024-12-26,2025-05-01,MedNac,0.05,MedIFANac,0.1,,,False,False
30042099,cics_7,tecnologia_nacional,2024-12-26,2025-05-01,MedNac,0.05,MedIFANac,0.1,,,False,False
30049095,cics_7,tecnologia_nacional,2024-12-26,2025-05-01,MedNac,0.05,MedIFANac,0.1,,,False,False
84099140,cics_7,tecnologia_nacional,2024-12-26,2025-05-01,CFI ou PPB,0.1,portaria_DesIn,0.1,,,False,False
84291190,cics_3,conteudo_nacional,2024-11-10,2024-11-10,CFI,0.1,,,,,True,False
85123000,cics_4,tecnologia_nacional,2024-11-11,2024-12-25,CFI ou PPB,0.1,portaria_DesIn,0.1,,,False,False
85371030,cics_7,tecnologia_nacional,2024-12-26,2025-05-01,CFI ou PPB,0.1,portaria_DesIn,0.1,,,False,False
85389010,cics_4,tecnologia_nacional,2024-11-11,2024-12-25,CFI ou PPB,0.1,portaria_DesIn,0.1,,,False,False
86069100,cics_1,conteudo_nacional,2024-09-01,2024-11-09,CFI,0.1,,,,,True,False
87012400,cics_3,conteudo_nacional,2024-11-10,2024-11-10,CFI,0.1,,,,,True,False
87019200,cics_3,conteudo_nacional,2024-11-10,2024-11-10,CFI,0.1,,,,,True,False
84239010,cics_4,tecnologia_nacional,2024-11-11,2024-12-25,CFI ou PPB,0.1,portaria_DesIn,0.1,,,False,False
84302000,cics_4,conteudo_nacional,2024-11-11,2024-12-25,CFI,0.1,,,,,False,False
84431400,cics_7,tecnologia_nacional,2024-12-26,2025-05-01,CFI ou PPB,0.1,portaria_DesIn,0.1,,,False,False
84433229,cics_7,tecnologia_nacional,2024-12-26,2025-05-01,CFI ou PPB,0.1,portaria_DesIn,0.1,,,False,False
84433921,cics_7,tecnologia_nacional,2024-12-26,2025-05-01,CFI ou PPB,0.1,portaria_DesIn,0.1,,,False,False
84439110,cics_7,tecnologia_nacional,2024-12-26,2025-05-01,CFI ou PPB,0.1,portaria_DesIn,0.1,,,False,False
84439932,cics_7,tecnologia_nacional,2024-12-26,2025-05-01,CFI ou PPB,0.1,portaria_DesIn,0.1,,,False,False
84439950,cics_7,tecnologia_nacional,2024-12-26,2025-05-01,CFI ou PPB,0.1,portaria_DesIn,0.1,,,False,False
84732920,cics_4,tecnologia_nacional,2024-11-11,2024-12-25,CFI ou PPB,0.1,portaria_DesIn,0.1,,,False,False
85072010,cics_4,tecnologia_nacional,2024-11-11,2024-12-25,CFI ou PPB,0.1,portaria_DesIn,0.1,,,False,False
85079020,cics_4,tecnologia_nacional,2024-11-11,2024-12-25,CFI ou PPB,0.1,portaria_DesIn,0.1,,,False,False
85176143,cics_7,tecnologia_nacional,2024-12-26,2025-05-01,CFI ou PPB,0.1,portaria_DesIn,0.1,,,False,False
85176214,cics_7,tecnologia_nacional,2024-12-26,2025-05-01,CFI ou PPB,0.1,portaria_DesIn,0.1,,,False,False
85176259,cics_7,tecnologia_nacional,2024-12-26,2025-05-01,CFI ou PPB,0.1,portaria_DesIn,0.1,,,False,False
85177190,cics_7,tecnologia_nacional,2024-12-26,2025-05-01,CFI ou PPB,0.1,portaria_DesIn,0.1,,,False,False
85198900,cics_8,tecnologia_nacional,2025-05-02,,CFI ou PPB,0.1,portaria_DesIn,0.1,,,True,True
85234990,cics_8,tecnologia_nacional,2025-05-02,,CFI ou PPB,0.1,portaria_DesIn,0.1,,,True,True
85235290,cics_8,tecnologia_nacional,2025-05-02,,CFI ou PPB,0.1,portaria_DesIn,0.1,,,True,True
85255029,cics_8,tecnologia_nacional,2025-05-02,,CFI ou PPB,0.1,portaria_DesIn,0.1,,,True,True
85279100,cics_8,tecnologia_nacional,2025-05-02,,CFI ou PPB,0.1,portaria_DesIn,0.1,,,True,True
85286910,cics_8,tecnologia_nacional,2025-05-02,,CFI ou PPB,0.1,portaria_DesIn,0.1,,,True,True
85311090,cics_7,tecnologia_nacional,2024-12-26,2025-05-01,CFI ou PPB,0.1,portaria_DesIn,0.1,,,False,False
85401100,cics_8,tecnologia_nacional,2025-05-02,,CFI ou PPB,0.1,portaria_DesIn,0.1,,,True,True
85414124,cics_7,tecnologia_nacional,2024-12-26,2025-05-01,CFI ou PPB,0.1,portaria_DesIn,0.1,,,False,False
85411099,cics_7,tecnologia_nacional,2024-12-26,2025-05-01,CFI ou PPB,0.1,portaria_DesIn,0.1,,,False,False
85413011,cics_7,tecnologia_nacional,2024-12-26,2025-05-01,CFI ou PPB,0.1,portaria_DesIn,0.1,,,False,False
85423299,cics_4,tecnologia_nacional,2024-11-11,2024-12-25,CFI ou PPB,0.1,portaria_DesIn,0.1,,,False,False
85423991,cics_4,tecnologia_nacional,2024-11-11,2024-12-25,CFI ou PPB,0.1,portaria_DesIn,0.1,,,False,False
85433090,cics_4,tecnologia_nacional,2024-11-11,2024-12-25,CFI ou PPB,0.1,portaria_DesIn,0.1,,,False,False
85437012,cics_4,tecnologia_nacional,2024-11-11,2024-12-25,CFI ou PPB,0.1,portaria_DesIn,0.1,,,False,False
85437015,cics_4,tecnologia_nacional,2024-11-11,2024-12-25,CFI ou PPB,0.1,portaria_DesIn,0.1,,,False,False
90261019,cics_7,tecnologia_nacional,2024-12-26,2025-05-01,CFI ou PPB,0.1,portaria_DesIn,0.1,,,False,False
90278914,cics_7,tecnologia_nacional,2024-12-26,2025-05-01,CFI ou PPB,0.1,portaria_DesIn,0.1,,,False,False
90283031,cics_7,tecnologia_nacional,2024-12-26,2025-05-01,CFI ou PPB,0.1,portaria_DesIn,0.1,,,False,False
90303319,cics_4,tecnologia_nacional,2024-11-11,2024-12-25,CFI ou PPB,0.1,portaria_DesIn,0.1,,,False,False
90304030,cics_4,tecnologia_nacional,2024-11-11,2024-12-25,CFI ou PPB,0.1,portaria_DesIn,0.1,,,False,False
90328919,cics_4,tecnologia_nacional,2024-11-11,2024-12-25,CFI ou PPB,0.1,portaria_DesIn,0.1,,,False,False
90322000,cics_4,tecnologia_nacional,2024-11-11,2024-12-25,CFI ou PPB,0.1,portaria_DesIn,0.1,,,False,False
30024123,cics_4,tecnologia_nacional,2024-11-11,2024-12-25,MedNac,0.05,MedIFANac,0.1,,,False,False
30024992,cics_4,tecnologia_nacional,2024-11-11,2024-12-25,MedNac,0.05,MedIFANac,0.1,,,False,False
30049041,cics_7,tecnologia_nacional,2024-12-26,2025-05-01,MedNac,0.05,MedIFANac,0.1,,,False,False
30049045,cics_7,tecnologia_nacional,2024-12-26,2025-05-01,MedNac,0.05,MedIFANac,0.1,,,False,False
84705010,cics_7,tecnologia_nacional,2024-12-26,2025-05-01,CFI ou PPB,0.1,portaria_DesIn,0.1,,,False,False
85363090,cics_3,conteudo_nacional,2024-11-10,2024-11-10,CFI,0.1,,,,,False,False
86012000,cics_1,conteudo_nacional,2024-09-01,2024-11-09,CFI,0.1,,,,,True,False
87019410,cics_3,conteudo_nacional,2024-11-10,2024-11-10,CFI,0.1,,,,,True,False
87023000,cics_1,conteudo_nacional,2024-09-01,2024-11-09,CFI,0.1,,,,,True,False
90221910,cics_7,tecnologia_nacional,2024-12-26,2025-05-01,CFI ou PPB,0.1,portaria_DesIn,0.1,,,False,False
84717040,cics_4,tecnologia_nacional,2024-11-11,2024-12-25,CFI ou PPB,0.1,portaria_DesIn,0.1,,,False,False
84735040,cics_4,tecnologia_nacional,2024-11-11,2024-12-25,CFI ou PPB,0.1,portaria_DesIn,0.1,,,False,False
85171830,cics_7,tecnologia_nacional,2024-12-26,2025-05-01,CFI ou PPB,0.1,portaria_DesIn,0.1,,,False,False
85176192,cics_7,tecnologia_nacional,2024-12-26,2025-05-01,CFI ou PPB,0.1,portaria_DesIn,0.1,,,False,False
85176234,cics_7,tecnologia_nacional,2024-12-26,2025-05-01,CFI ou PPB,0.1,portaria_DesIn,0.1,,,False,False
85176254,cics_7,tecnologia_nacional,2024-12-26,2025-05-01,CFI ou PPB,0.1,portaria_DesIn,0.1,,,False,False
85258911,cics_8,tecnologia_nacional,2025-05-02,,CFI ou PPB,0.1,portaria_DesIn,0.1,,,True,True
85256090,cics_8,tecnologia_nacional,2025-05-02,,CFI ou PPB,0.1,portaria_DesIn,0.1,,,True,True
85284990,cics_8,tecnologia_nacional,2025-05-02,,CFI ou PPB,0.1,portaria_DesIn,0.1,,,True,True
85285200,cics_8,tecnologia_nacional,2025-05-02,,CFI ou PPB,0.1,portaria_DesIn,0.1,,,True,True
85415900,cics_7,tecnologia_nacional,2024-12-26,2025-05-01,CFI ou PPB,0.1,portaria_DesIn,0.1,,,False,False
85411021,cics_7,tecnologia_nacional,2024-12-26,2025-05-01,CFI ou PPB,0.1,portaria_DesIn,0.1,,,False,False
85419020,cics_7,tecnologia_nacional,2024-12-26,2025-05-01,CFI ou PPB,0.1,portaria_DesIn,0.1,,,False,False
85423919,cics_4,tecnologia_nacional,2024-11-11,2024-12-25,CFI ou PPB,0.1,portaria_DesIn,0.1,,,False,False
85433010,cics_4,tecnologia_nacional,2024-11-11,2024-12-25,CFI ou PPB,0.1,portaria_DesIn,0.1,,,False,False
85437019,cics_4,tecnologia_nacional,2024-11-11,2024-12-25,CFI ou PPB,0.1,portaria_DesIn,0.1,,,False,False
85437034,cics_4,tecnologia_nacional,2024-11-11,2024-12-25,CFI ou PPB,0.1,portaria_DesIn,0.1,,,False,False
85437035,cics_4,tecnologia_nacional,2024-11-11,2024-12-25,CFI ou PPB,0.1,portaria_DesIn,0.1,,,False,False
85439010,cics_4,tecnologia_nacional,2024-11-11,2024-12-25,CFI ou PPB,0.1,portaria_DesIn,0.1,,,False,False
85439090,cics_4,tecnologia_nacional,2024-11-11,2024-12-25,CFI ou PPB,0.1,portaria_DesIn,0.1,,,False,False
85432000,cics_4,tecnologia_nacional,2024-11-11,2024-12-25,CFI ou PPB,0.1,portaria_DesIn,0.1,,,False,False
85434000,cics_4,tecnologia_nacional,2024-11-11,2024-12-25,CFI ou PPB,0.1,portaria_DesIn,0.1,,,False,False
87021000,cics_7,conteudo_nacional,2024-12-26,2025-05-01,CFI,0.1,,,,,False,False
90089000,cics_8,tecnologia_nacional,2025-05-02,,CFI ou PPB,0.1,portaria_DesIn,0.1,,,True,True
90278911,cics_7,tecnologia_nacional,2024-12-26,2025-05-01,CFI ou PPB,0.1,portaria_DesIn,0.1,,,False,False
90275090,cics_7,tecnologia_nacional,2024-12-26,2025-05-01,CFI ou PPB,0.1,portaria_DesIn,0.1,,,False,False
90281011,cics_7,tecnologia_nacional,2024-12-26,2025-05-01,CFI ou PPB,0.1,portaria_DesIn,0.1,,,False,False
90308210,cics_4,tecnologia_nacional,2024-11-11,2024-12-25,CFI ou PPB,0.1,portaria_DesIn,0.1,,,False,False
25010090,cics_7,tecnologia_nacional,2024-12-26,2025-05-01,MedNac,0.05,MedIFANac,0.1,,,False,False
85332120,cics_8,tecnologia_nacional,2025-05-02,,CFI ou PPB,0.1,portaria_DesIn,0.1,,,True,True
84293000,cics_4,conteudo_nacional,2024-11-11,2024-12-25,CFI,0.1,,,,,False,False
84304120,cics_8,conteudo_nacional,2025-05-02,,CFI,0.1,,,,,True,True
84304130,cics_8,conteudo_nacional,2025-05-02,,CFI,0.1,,,,,True,True
84431710,cics_4,tecnologia_nacional,2024-11-11,2024-12-25,CFI ou PPB,0.1,portaria_DesIn,0.1,,,False,False
84433291,cics_4,tecnologia_nacional,2024-11-11,2024-12-25,CFI ou PPB,0.1,portaria_DesIn,0.1,,,False,False
84439919,cics_4,tecnologia_nacional,2024-11-11,2024-12-25,CFI ou PPB,0.1,portaria_DesIn,0.1,,,False,False
84713019,cics_8,tecnologia_nacional,2025-05-02,,CFI ou PPB,0.1,portaria_DesIn,0.1,,,True,True
84715040,cics_8,tecnologia_nacional,2025-05-02,,CFI ou PPB,0.1,portaria_DesIn,0.1,,,True,True
84718000,cics_8,tecnologia_nacional,2025-05-02,,CFI ou PPB,0.1,portaria_DesIn,0.1,,,True,True
85072090,cics_8,tecnologia_nacional,2025-05-02,,CFI ou PPB,0.1,portaria_DesIn,0.1,,,True,True
85075010,cics_8,tecnologia_nacional,2025-05-02,,CFI ou PPB,0.1,portaria_DesIn,0.1,,,True,True
85171439,cics_4,tecnologia_nacional,2024-11-11,2024-12-25,CFI ou PPB,0.1,portaria_DesIn,0.1,,,False,False
85171441,cics_4,tecnologia_nacional,2024-11-11,2024-12-25,CFI ou PPB,0.1,portaria_DesIn,0.1,,,False,False
85176215,cics_4,tecnologia_nacional,2024-11-11,2024-12-25,CFI ou PPB,0.1,portaria_DesIn,0.1,,,False,False
85414122,cics_4,tecnologia_nacional,2024-11-11,2024-12-25,CFI ou PPB,0.1,portaria_DesIn,0.1,,,False,False
85414300,cics_4,tecnologia_nacional,2024-11-11,2024-12-25,CFI ou PPB,0.1,portaria_DesIn,0.1,,,False,False
90278912,cics_4,tecnologia_nacional,2024-11-11,2024-12-25,CFI ou PPB,0.1,portaria_DesIn,0.1,,,False,False
90272029,cics_4,tecnologia_nacional,2024-11-11,2024-12-25,CFI ou PPB,0.1,portaria_DesIn,0.1,,,False,False
90275050,cics_4,tecnologia_nacional,2024-11-11,2024-12-25,CFI ou PPB,0.1,portaria_DesIn,0.1,,,False,False
90299010,cics_8,tecnologia_nacional,2025-05-02,,CFI ou PPB,0.1,portaria_DesIn,0.1,,,True,True
90328925,cics_8,tecnologia_nacional,2025-05-02,,CFI ou PPB,0.1,portaria_DesIn,0.1,,,True,True
90328100,cics_8,tecnologia_nacional,2025-05-02,,CFI ou PPB,0.1,portaria_DesIn,0.1,,,True,True
90321010,cics_8,tecnologia_nacional,2025-05-02,,CFI ou PPB,0.1,portaria_DesIn,0.1,,,True,True
29362113,cics_4,tecnologia_nacional,2024-11-11,2024-12-25,MedNac,0.05,MedIFANac,0.1,,,False,False
30021215,cics_4,tecnologia_nacional,2024-11-11,2024-12-25,MedNac,0.05,MedIFANac,0.1,,,False,False
30042099,cics_4,tecnologia_nacional,2024-11-11,2024-12-25,MedNac,0.05,MedIFANac,0.1,,,False,False
30049095,cics_4,tecnologia_nacional,2024-11-11,2024-12-25,MedNac,0.05,MedIFANac,0.1,,,False,False
84099140,cics_4,tecnologia_nacional,2024-11-11,2024-12-25,CFI ou PPB,0.1,portaria_DesIn,0.1,,,False,False
85123000,cics_8,tecnologia_nacional,2025-05-02,,CFI ou PPB,0.1,portaria_DesIn,0.1,,,True,True
85371030,cics_4,tecnologia_nacional,2024-11-11,2024-12-25,CFI ou PPB,0.1,portaria_DesIn,0.1,,,False,False
85389010,cics_8,tecnologia_nacional,2025-05-02,,CFI ou PPB,0.1,portaria_DesIn,0.1,,,True,True
84239010,cics_8,tecnologia_nacional,2025-05-02,,CFI ou PPB,0.1,portaria_DesIn,0.1,,,True,True
84302000,cics_8,conteudo_nacional,2025-05-02,,CFI,0.1,,,,,True,True
84431400,cics_4,tecnologia_nacional,2024-11-11,2024-12-25,CFI ou PPB,0.1,portaria_DesIn,0.1,,,False,False
84433229,cics_4,tecnologia_nacional,2024-11-11,2024-12-25,CFI ou PPB,0.1,portaria_DesIn,0.1,,,False,False
84433921,cics_4,tecnologia_nacional,2024-11-11,2024-12-25,CFI ou PPB,0.1,portaria_DesIn,0.1,,,False,False
84439110,cics_4,tecnologia_nacional,2024-11-11,2024-12-25,CFI ou PPB,0.1,portaria_DesIn,0.1,,,False,False
84439932,cics_4,tecnologia_nacional,2024-11-11,2024-12-25,CFI ou PPB,0.1,portaria_DesIn,0.1,,,False,False
84439950,cics_4,tecnologia_nacional,2024-11-11,2024-12-25,CFI ou PPB,0.1,portaria_DesIn,0.1,,,False,False
84732920,cics_8,tecnologia_nacional,2025-05-02,,CFI ou PPB,0.1,portaria_DesIn,0.1,,,True,True
85072010,cics_8,tecnologia_nacional,2025-05-02,,CFI ou PPB,0.1,portaria_DesIn,0.1,,,True,True
85079020,cics_8,tecnologia_nacional,2025-05-02,,CFI ou PPB,0.1,portaria_DesIn,0.1,,,True,True
85176143,cics_4,tecnologia_nacional,2024-11-11,2024-12-25,CFI ou PPB,0.1,portaria_DesIn,0.1,,,False,False
85176214,cics_4,tecnologia_nacional,2024-11-11,2024-12-25,CFI ou PPB,0.1,portaria_DesIn,0.1,,,False,False
85176259,cics_4,tecnologia_nacional,2024-11-11,2024-12-25,CFI ou PPB,0.1,portaria_DesIn,0.1,,,False,False
85177190,cics_4,tecnologia_nacional,2024-11-11,2024-12-25,CFI ou PPB,0.1,portaria_DesIn,0.1,,,False,False
85311090,cics_4,tecnologia_nacional,2024-11-11,2024-12-25,CFI ou PPB,0.1,portaria_DesIn,0.1,,,False,False
85414124,cics_4,tecnologia_nacional,2024-11-11,2024-12-25,CFI ou PPB,0.1,portaria_DesIn,0.1,,,False,False
85411099,cics_4,tecnologia_nacional,2024-11-11,2024-12-25,CFI ou PPB,0.1,portaria_DesIn,0.1,,,False,False
85413011,cics_4,tecnologia_nacional,2024-11-11,2024-12-25,CFI ou PPB,0.1,portaria_DesIn,0.1,,,False,False
85423299,cics_8,tecnologia_nacional,2025-05-02,,CFI ou PPB,0.1,portaria_DesIn,0.1,,,True,True
85423991,cics_8,tecnologia_nacional,2025-05-02,,CFI ou PPB,0.1,portaria_DesIn,0.1,,,True,True
85433090,cics_8,tecnologia_nacional,2025-05-02,,CFI ou PPB,0.1,portaria_DesIn,0.1,,,True,True
85437012,cics_8,tecnologia_nacional,2025-05-02,,CFI ou PPB,0.1,portaria_DesIn,0.1,,,True,True
85437015,cics_8,tecnologia_nacional,2025-05-02,,CFI ou PPB,0.1,portaria_DesIn,0.1,,,True,True
90261019,cics_4,tecnologia_nacional,2024-11-11,2024-12-25,CFI ou PPB,0.1,portaria_DesIn,0.1,,,False,False
90278914,cics_4,tecnologia_nacional,2024-11-11,2024-12-25,CFI ou PPB,0.1,portaria_DesIn,0.1,,,False,False
90283031,cics_4,tecnologia_nacional,2024-11-11,2024-12-25,CFI ou PPB,0.1,portaria_DesIn,0.1,,,False,False
90303319,cics_8,tecnologia_nacional,2025-05-02,,CFI ou PPB,0.1,portaria_DesIn,0.1,,,True,True
90304030,cics_8,tecnologia_nacional,2025-05-02,,CFI ou PPB,0.1,portaria_DesIn,0.1,,,True,True
90328919,cics_8,tecnologia_nacional,2025-05-02,,CFI ou PPB,0.1,portaria_DesIn,0.1,,,True,True
90322000,cics_8,tecnologia_nacional,2025-05-02,,CFI ou PPB,0.1,portaria_DesIn,0.1,,,True,True
30024123,cics_8,tecnologia_nacional,2025-05-02,,MedNac,0.05,MedIFANac,0.1,,,True,True
30024992,cics_8,tecnologia_nacional,2025-05-02,,MedNac,0.05,MedIFANac,0.1,,,True,True
30049041,cics_4,tecnologia_nacional,2024-11-11,2024-12-25,MedNac,0.05,MedIFANac,0.1,,,False,False
30049045,cics_4,tecnologia_nacional,2024-11-11,2024-12-25,MedNac,0.05,MedIFANac,0.1,,,False,False
84705010,cics_4,tecnologia_nacional,2024-11-11,2024-12-25,CFI ou PPB,0.1,portaria_DesIn,0.1,,,False,False
85363090,cics_7,conteudo_nacional,2024-12-26,2025-05-01,CFI,0.1,,,,,False,False
90221910,cics_4,tecnologia_nacional,2024-11-11,2024-12-25,CFI ou PPB,0.1,portaria_DesIn,0.1,,,False,False
84717040,cics_8,tecnologia_nacional,2025-05-02,,CFI ou PPB,0.1,portaria_DesIn,0.1,,,True,True
84735040,cics_8,tecnologia_nacional,2025-05-02,,CFI ou PPB,0.1,portaria_DesIn,0.1,,,True,True
85171830,cics_4,tecnologia_nacional,2024-11-11,2024-12-25,CFI ou PPB,0.1,portaria_DesIn,0.1,,,False,False
85176192,cics_4,tecnologia_nacional,2024-11-11,2024-12-25,CFI ou PPB,0.1,portaria_DesIn,0.1,,,False,False
85176234,cics_4,tecnologia_nacional,2024-11-11,2024-12-25,CFI ou PPB,0.1,portaria_DesIn,0.1,,,False,False
85176254,cics_4,tecnologia_nacional,2024-11-11,2024-12-25,CFI ou PPB,0.1,portaria_DesIn,0.1,,,False,False
85415900,cics_4,tecnologia_nacional,2024-11-11,2024-12-25,CFI ou PPB,0.1,portaria_DesIn,0.1,,,False,False
85411021,cics_4,tecnologia_nacional,2024-11-11,2024-12-25,CFI ou PPB,0.1,portaria_DesIn,0.1,,,False,False
85419020,cics_4,tecnologia_nacional,2024-11-11,2024-12-25,CFI ou PPB,0.1,portaria_DesIn,0.1,,,False,False
85423919,cics_8,tecnologia_nacional,2025-05-02,,CFI ou PPB,0.1,portaria_DesIn,0.1,,,True,True
85433010,cics_8,tecnologia_nacional,2025-05-02,,CFI ou PPB,0.1,portaria_DesIn,0.1,,,True,True
85437019,cics_8,tecnologia_nacional,2025-05-02,,CFI ou PPB,0.1,portaria_DesIn,0.1,,,True,True
85437034,cics_8,tecnologia_nacional,2025-05-02,,CFI ou PPB,0.1,portaria_DesIn,0.1,,,True,True
85437035,cics_8,tecnologia_nacional,2025-05-02,,CFI ou PPB,0.1,portaria_DesIn,0.1,,,True,True
85439010,cics_8,tecnologia_nacional,2025-05-02,,CFI ou PPB,0.1,portaria_DesIn,0.1,,,True,True
85439090,cics_8,tecnologia_nacional,2025-05-02,,CFI ou PPB,0.1,portaria_DesIn,0.1,,,True,True
85432000,cics_8,tecnologia_nacional,2025-05-02,,CFI ou PPB,0.1,portaria_DesIn,0.1,,,True,True
85434000,cics_8,tecnologia_nacional,2025-05-02,,CFI ou PPB,0.1,portaria_DesIn,0.1,,,True,True
87021000,cics_4,conteudo_nacional,2024-11-11,2024-12-25,CFI,0.1,,,,,False,False
90278911,cics_4,tecnologia_nacional,2024-11-11,2024-12-25,CFI ou PPB,0.1,portaria_DesIn,0.1,,,False,False
90275090,cics_4,tecnologia_nacional,2024-11-11,2024-12-25,CFI ou PPB,0.1,portaria_DesIn,0.1,,,False,False
90281011,cics_4,tecnologia_nacional,2024-11-11,2024-12-25,CFI ou PPB,0.1,portaria_DesIn,0.1,,,False,False
90308210,cics_8,tecnologia_nacional,2025-05-02,,CFI ou PPB,0.1,portaria_DesIn,0.1,,,True,True
25010090,cics_4,tecnologia_nacional,2024-11-11,2024-12-25,MedNac,0.05,MedIFANac,0.1,,,False,False
85332120,cics_7,tecnologia_nacional,2024-12-26,2025-05-01,CFI ou PPB,0.1,portaria_DesIn,0.1,,,False,False
84293000,cics_8,conteudo_nacional,2025-05-02,,CFI,0.1,,,,,True,True
84304120,cics_7,conteudo_nacional,2024-12-26,2025-05-01,CFI,0.1,,,,,False,False
84304130,cics_7,conteudo_nacional,2024-12-26,2025-05-01,CFI,0.1,,,,,False,False
84431710,cics_8,tecnologia_nacional,2025-05-02,,CFI ou PPB,0.1,portaria_DesIn,0.1,,,True,True
84433291,cics_8,tecnologia_nacional,2025-05-02,,CFI ou PPB,0.1,portaria_DesIn,0.1,,,True,True
84439919,cics_8,tecnologia_nacional,2025-05-02,,CFI ou PPB,0.1,portaria_DesIn,0.1,,,True,True
84713019,cics_7,tecnologia_nacional,2024-12-26,2025-05-01,CFI ou PPB,0.1,portaria_DesIn,0.1,,,False,False
84715040,cics_7,tecnologia_nacional,2024-12-26,2025-05-01,CFI ou PPB,0.1,portaria_DesIn,0.1,,,False,False
84718000,cics_7,tecnologia_nacional,2024-12-26,2025-05-01,CFI ou PPB,0.1,portaria_DesIn,0.1,,,False,False
85072090,cics_7,tecnologia_nacional,2024-12-26,2025-05-01,CFI ou PPB,0.1,portaria_DesIn,0.1,,,False,False
85075010,cics_7,tecnologia_nacional,2024-12-26,2025-05-01,CFI ou PPB,0.1,portaria_DesIn,0.1,,,False,False
85171439,cics_8,tecnologia_nacional,2025-05-02,,CFI ou PPB,0.1,portaria_DesIn,0.1,,,True,True
85171441,cics_8,tecnologia_nacional,2025-05-02,,CFI ou PPB,0.1,portaria_DesIn,0.1,,,True,True
85176215,cics_8,tecnologia_nacional,2025-05-02,,CFI ou PPB,0.1,portaria_DesIn,0.1,,,True,True
85414122,cics_8,tecnologia_nacional,2025-05-02,,CFI ou PPB,0.1,portaria_DesIn,0.1,,,True,True
85414300,cics_8,tecnologia_nacional,2025-05-02,,CFI ou PPB,0.1,portaria_DesIn,0.1,,,True,True
90278912,cics_8,tecnologia_nacional,2025-05-02,,CFI ou PPB,0.1,portaria_DesIn,0.1,,,True,True
90272029,cics_8,tecnologia_nacional,2025-05-02,,CFI ou PPB,0.1,portaria_DesIn,0.1,,,True,True
90275050,cics_8,tecnologia_nacional,2025-05-02,,CFI ou PPB,0.1,portaria_DesIn,0.1,,,True,True
90299010,cics_7,tecnologia_nacional,2024-12-26,2025-05-01,CFI ou PPB,0.1,portaria_DesIn,0.1,,,False,False
90328925,cics_7,tecnologia_nacional,2024-12-26,2025-05-01,CFI ou PPB,0.1,portaria_DesIn,0.1,,,False,False
90328100,cics_7,tecnologia_nacional,2024-12-26,2025-05-01,CFI ou PPB,0.1,portaria_DesIn,0.1,,,False,False
90321010,cics_7,tecnologia_nacional,2024-12-26,2025-05-01,CFI ou PPB,0.1,portaria_DesIn,0.1,,,False,False
29362113,cics_8,tecnologia_nacional,2025-05-02,,MedNac,0.05,MedIFANac,0.1,,,True,True
30021215,cics_8,tecnologia_nacional,2025-05-02,,MedNac,0.05,MedIFANac,0.1,,,True,True
30042099,cics_8,tecnologia_nacional,2025-05-02,,MedNac,0.05,MedIFANac,0.1,,,True,True
30049095,cics_8,tecnologia_nacional,2025-05-02,,MedNac,0.05,MedIFANac,0.1,,,True,True
84099140,cics_8,tecnologia_nacional,2025-05-02,,CFI ou PPB,0.1,portaria_DesIn,0.1,,,True,True
85123000,cics_7,tecnologia_nacional,2024-12-26,2025-05-01,CFI ou PPB,0.1,portaria_DesIn,0.1,,,False,False
85371030,cics_8,tecnologia_nacional,2025-05-02,,CFI ou PPB,0.1,portaria_DesIn,0.1,,,True,True
85389010,cics_7,tecnologia_nacional,2024-12-26,2025-05-01,CFI ou PPB,0.1,portaria_DesIn,0.1,,,False,False
84239010,cics_7,tecnologia_nacional,2024-12-26,2025-05-01,CFI ou PPB,0.1,portaria_DesIn,0.1,,,False,False
84302000,cics_7,conteudo_nacional,2024-12-26,2025-05-01,CFI,0.1,,,,,False,False
84431400,cics_8,tecnologia_nacional,2025-05-02,,CFI ou PPB,0.1,portaria_DesIn,0.1,,,True,True
84433229,cics_8,tecnologia_nacional,2025-05-02,,CFI ou PPB,0.1,portaria_DesIn,0.1,,,True,True
84433921,cics_8,tecnologia_nacional,2025-05-02,,CFI ou PPB,0.1,portaria_DesIn,0.1,,,True,True
84439110,cics_8,tecnologia_nacional,2025-05-02,,CFI ou PPB,0.1,portaria_DesIn,0.1,,,True,True
84439932,cics_8,tecnologia_nacional,2025-05-02,,CFI ou PPB,0.1,portaria_DesIn,0.1,,,True,True
84439950,cics_8,tecnologia_nacional,2025-05-02,,CFI ou PPB,0.1,portaria_DesIn,0.1,,,True,True
84732920,cics_7,tecnologia_nacional,2024-12-26,2025-05-01,CFI ou PPB,0.1,portaria_DesIn,0.1,,,False,False
85072010,cics_7,tecnologia_nacional,2024-12-26,2025-05-01,CFI ou PPB,0.1,portaria_DesIn,0.1,,,False,False
85079020,cics_7,tecnologia_nacional,2024-12-26,2025-05-01,CFI ou PPB,0.1,portaria_DesIn,0.1,,,False,False
85176143,cics_8,tecnologia_nacional,2025-05-02,,CFI ou PPB,0.1,portaria_DesIn,0.1,,,True,True
85176214,cics_8,tecnologia_nacional,2025-05-02,,CFI ou PPB,0.1,portaria_DesIn,0.1,,,True,True
85176259,cics_8,tecnologia_nacional,2025-05-02,,CFI ou PPB,0.1,portaria_DesIn,0.1,,,True,True
85177190,cics_8,tecnologia_nacional,2025-05-02,,CFI ou PPB,0.1,portaria_DesIn,0.1,,,True,True
85311090,cics_8,tecnologia_nacional,2025-05-02,,CFI ou PPB,0.1,portaria_DesIn,0.1,,,True,True
85414124,cics_8,tecnologia_nacional,2025-05-02,,CFI ou PPB,0.1,portaria_DesIn,0.1,,,True,True
85411099,cics_8,tecnologia_nacional,2025-05-02,,CFI ou PPB,0.1,portaria_DesIn,0.1,,,True,True
85413011,cics_8,tecnologia_nacional,2025-05-02,,CFI ou PPB,0.1,portaria_DesIn,0.1,,,True,True
85423299,cics_7,tecnologia_nacional,2024-12-26,2025-05-01,CFI ou PPB,0.1,portaria_DesIn,0.1,,,False,False
85423991,cics_7,tecnologia_nacional,2024-12-26,2025-05-01,CFI ou PPB,0.1,portaria_DesIn,0.1,,,False,False
85433090,cics_7,tecnologia_nacional,2024-12-26,2025-05-01,CFI ou PPB,0.1,portaria_DesIn,0.1,,,False,False
85437012,cics_7,tecnologia_nacional,2024-12-26,2025-05-01,CFI ou PPB,0.1,portaria_DesIn,0.1,,,False,False
85437015,cics_7,tecnologia_nacional,2024-12-26,2025-05-01,CFI ou PPB,0.1,portaria_DesIn,0.1,,,False,False
90261019,cics_8,tecnologia_nacional,2025-05-02,,CFI ou PPB,0.1,portaria_DesIn,0.1,,,True,True
90278914,cics_8,tecnologia_nacional,2025-05-02,,CFI ou PPB,0.1,portaria_DesIn,0.1,,,True,True
90283031,cics_8,tecnologia_nacional,2025-05-02,,CFI ou PPB,0.1,portaria_DesIn,0.1,,,True,True
90303319,cics_7,tecnologia_nacional,2024-12-26,2025-05-01,CFI ou PPB,0.1,portaria_DesIn,0.1,,,False,False
90304030,cics_7,tecnologia_nacional,2024-12-26,2025-05-01,CFI ou PPB,0.1,portaria_DesIn,0.1,,,False,False
90328919,cics_7,tecnologia_nacional,2024-12-26,2025-05-01,CFI ou PPB,0.1,portaria_DesIn,0.1,,,False,False
90322000,cics_7,tecnologia_nacional,2024-12-26,2025-05-01,CFI ou PPB,0.1,portaria_DesIn,0.1,,,False,False
30024123,cics_7,tecnologia_nacional,2024-12-26,2025-05-01,MedNac,0.05,MedIFANac,0.1,,,False,False
30024992,cics_7,tecnologia_nacional,2024-12-26,2025-05-01,MedNac,0.05,MedIFANac,0.1,,,False,False
30049041,cics_8,tecnologia_nacional,2025-05-02,,MedNac,0.05,MedIFANac,0.1,,,True,True
30049045,cics_8,tecnologia_nacional,2025-05-02,,MedNac,0.05,MedIFANac,0.1,,,True,True
84705010,cics_8,tecnologia_nacional,2025-05-02,,CFI ou PPB,0.1,portaria_DesIn,0.1,,,True,True
85363090,cics_4,conteudo_nacional,2024-11-11,2024-12-25,CFI,0.1,,,,,False,False
90221910,cics_8,tecnologia_nacional,2025-05-02,,CFI ou PPB,0.1,portaria_DesIn,0.1,,,True,True
84717040,cics_7,tecnologia_nacional,2024-12-26,2025-05-01,CFI ou PPB,0.1,portaria_DesIn,0.1,,,False,False
84735040,cics_7,tecnologia_nacional,2024-12-26,2025-05-01,CFI ou PPB,0.1,portaria_DesIn,0.1,,,False,False
85171830,cics_8,tecnologia_nacional,2025-05-02,,CFI ou PPB,0.1,portaria_DesIn,0.1,,,True,True
85176192,cics_8,tecnologia_nacional,2025-05-02,,CFI ou PPB,0.1,portaria_DesIn,0.1,,,True,True
85176234,cics_8,tecnologia_nacional,2025-05-02,,CFI ou PPB,0.1,portaria_DesIn,0.1,,,True,True
85176254,cics_8,tecnologia_nacional,2025-05-02,,CFI ou PPB,0.1,portaria_DesIn,0.1,,,True,True
85415900,cics_8,tecnologia_nacional,2025-05-02,,CFI ou PPB,0.1,portaria_DesIn,0.1,,,True,True
85411021,cics_8,tecnologia_nacional,2025-05-02,,CFI ou PPB,0.1,portaria_DesIn,0.1,,,True,True
85419020,cics_8,tecnologia_nacional,2025-05-02,,CFI ou PPB,0.1,portaria_DesIn,0.1,,,True,True
85423919,cics_7,tecnologia_nacional,2024-12-26,2025-05-01,CFI ou PPB,0.1,portaria_DesIn,0.1,,,False,False
85433010,cics_7,tecnologia_nacional,2024-12-26,2025-05-01,CFI ou PPB,0.1,portaria_DesIn,0.1,,,False,False
85437019,cics_7,tecnologia_nacional,2024-12-26,2025-05-01,CFI ou PPB,0.1,portaria_DesIn,0.1,,,False,False
85437034,cics_7,tecnologia_nacional,2024-12-26,2025-05-01,CFI ou PPB,0.1,portaria_DesIn,0.1,,,False,False
85437035,cics_7,tecnologia_nacional,2024-12-26,2025-05-01,CFI ou PPB,0.1,portaria_DesIn,0.1,,,False,False
85439010,cics_7,tecnologia_nacional,2024-12-26,2025-05-01,CFI ou PPB,0.1,portaria_DesIn,0.1,,,False,False
85439090,cics_7,tecnologia_nacional,2024-12-26,2025-05-01,CFI ou PPB,0.1,portaria_DesIn,0.1,,,False,False
85432000,cics_7,tecnologia_nacional,2024-12-26,2025-05-01,CFI ou PPB,0.1,portaria_DesIn,0.1,,,False,False
85434000,cics_7,tecnologia_nacional,2024-12-26,2025-05-01,CFI ou PPB,0.1,portaria_DesIn,0.1,,,False,False
87021000,cics_8,conteudo_nacional,2025-05-02,,CFI,0.1,,,,,True,True
90278911,cics_8,tecnologia_nacional,2025-05-02,,CFI ou PPB,0.1,portaria_DesIn,0.1,,,True,True
90275090,cics_8,tecnologia_nacional,2025-05-02,,CFI ou PPB,0.1,portaria_DesIn,0.1,,,True,True
90281011,cics_8,tecnologia_nacional,2025-05-02,,CFI ou PPB,0.1,portaria_DesIn,0.1,,,True,True
90308210,cics_7,tecnologia_nacional,2024-12-26,2025-05-01,CFI ou PPB,0.1,portaria_DesIn,0.1,,,False,False
25010090,cics_8,tecnologia_nacional,2025-05-02,,MedNac,0.05,MedIFANac,0.1,,,True,True
85363090,cics_8,conteudo_nacional,2025-05-02,,CFI,0.1,,,,,True,True
30049099,cics_7,tecnologia_nacional,2024-12-26,2025-05-01,MedNac,0.05,MedIFANac,0.1,,,False,False
84295220,cics_3,conteudo_nacional,2024-11-10,2024-11-10,CFI,0.1,,,,,True,False
85017290,cics_3,conteudo_nacional,2024-11-10,2024-11-10,CFI-A,0.1,,,,,True,False
85044010,cics_7,conteudo_nacional,2024-12-26,2025-05-01,CFI,0.1,,,,,False,False
85301010,cics_4,tecnologia_nacional,2024-11-11,2024-12-25,CFI ou PPB,0.1,portaria_DesIn,0.1,,,False,False
85322510,cics_4,tecnologia_nacional,2024-11-11,2024-12-25,CFI ou PPB,0.1,portaria_DesIn,0.1,,,False,False
86011000,cics_1,conteudo_nacional,2024-09-01,2024-11-09,CFI,0.1,,,,,True,False
86040010,cics_1,conteudo_nacional,2024-09-01,2024-11-09,CFI,0.1,,,,,True,False
87060010,cics_1,conteudo_nacional,2024-09-01,2024-11-09,CFI,0.1,,,,,False,False
84238110,cics_4,tecnologia_nacional,2024-11-11,2024-12-25,CFI ou PPB,0.1,portaria_DesIn,0.1,,,False,False
84231000,cics_4,tecnologia_nacional,2024-11-11,2024-12-25,CFI ou PPB,0.1,portaria_DesIn,0.1,,,False,False
84295211,cics_7,conteudo_nacional,2024-12-26,2025-05-01,CFI,0.1,,,,,False,False
84294000,cics_7,conteudo_nacional,2024-12-26,2025-05-01,CFI,0.1,,,,,False,False
84431329,cics_7,tecnologia_nacional,2024-12-26,2025-05-01,CFI ou PPB,0.1,portaria_DesIn,0.1,,,False,False
84431910,cics_7,tecnologia_nacional,2024-12-26,2025-05-01,CFI ou PPB,0.1,portaria_DesIn,0.1,,,False,False
84433114,cics_7,tecnologia_nacional,2024-12-26,2025-05-01,CFI ou PPB,0.1,portaria_DesIn,0.1,,,False,False
84433222,cics_7,tecnologia_nacional,2024-12-26,2025-05-01,CFI ou PPB,0.1,portaria_DesIn,0.1,,,False,False
84439922,cics_7,tecnologia_nacional,2024-12-26,2025-05-01,CFI ou PPB,0.1,portaria_DesIn,0.1,,,False,False
84439933,cics_7,tecnologia_nacional,2024-12-26,2025-05-01,CFI ou PPB,0.1,portaria_DesIn,0.1,,,False,False
84713012,cics_4,tecnologia_nacional,2024-11-11,2024-12-25,CFI ou PPB,0.1,portaria_DesIn,0.1,,,False,False
84715090,cics_4,tecnologia_nacional,2024-11-11,2024-12-25,CFI ou PPB,0.1,portaria_DesIn,0.1,,,False,False
84717020,cics_4,tecnologia_nacional,2024-11-11,2024-12-25,CFI ou PPB,0.1,portaria_DesIn,0.1,,,False,False
84732100,cics_4,tecnologia_nacional,2024-11-11,2024-12-25,CFI ou PPB,0.1,portaria_DesIn,0.1,,,False,False
84733034,cics_4,tecnologia_nacional,2024-11-11,2024-12-25,CFI ou PPB,0.1,portaria_DesIn,0.1,,,False,False
84733090,cics_4,tecnologia_nacional,2024-11-11,2024-12-25,CFI ou PPB,0.1,portaria_DesIn,0.1,,,False,False
85176199,cics_7,tecnologia_nacional,2024-12-26,2025-05-01,CFI ou PPB,0.1,portaria_DesIn,0.1,,,False,False
85176221,cics_7,tecnologia_nacional,2024-12-26,2025-05-01,CFI ou PPB,0.1,portaria_DesIn,0.1,,,False,False
85176279,cics_7,tecnologia_nacional,2024-12-26,2025-05-01,CFI ou PPB,0.1,portaria_DesIn,0.1,,,False,False
85219000,cics_8,tecnologia_nacional,2025-05-02,,CFI ou PPB,0.1,portaria_DesIn,0.1,,,True,True
85232120,cics_8,tecnologia_nacional,2025-05-02,,CFI ou PPB,0.1,portaria_DesIn,0.1,,,True,True
85232919,cics_8,tecnologia_nacional,2025-05-02,,CFI ou PPB,0.1,portaria_DesIn,0.1,,,True,True
85255023,cics_8,tecnologia_nacional,2025-05-02,,CFI ou PPB,0.1,portaria_DesIn,0.1,,,True,True
85279200,cics_8,tecnologia_nacional,2025-05-02,,CFI ou PPB,0.1,portaria_DesIn,0.1,,,True,True
85401200,cics_8,tecnologia_nacional,2025-05-02,,CFI ou PPB,0.1,portaria_DesIn,0.1,,,True,True
85408910,cics_8,tecnologia_nacional,2025-05-02,,CFI ou PPB,0.1,portaria_DesIn,0.1,,,True,True
85414121,cics_7,tecnologia_nacional,2024-12-26,2025-05-01,CFI ou PPB,0.1,portaria_DesIn,0.1,,,False,False
85415100,cics_7,tecnologia_nacional,2024-12-26,2025-05-01,CFI ou PPB,0.1,portaria_DesIn,0.1,,,False,False
85411031,cics_7,tecnologia_nacional,2024-12-26,2025-05-01,CFI ou PPB,0.1,portaria_DesIn,0.1,,,False,False
85437039,cics_4,tecnologia_nacional,2024-11-11,2024-12-25,CFI ou PPB,0.1,portaria_DesIn,0.1,,,False,False
87013000,cics_7,conteudo_nacional,2024-12-26,2025-05-01,CFI,0.1,,,,,False,False
90069900,cics_8,tecnologia_nacional,2025-05-02,,CFI ou PPB,0.1,portaria_DesIn,0.1,,,True,True
90278991,cics_7,tecnologia_nacional,2024-12-26,2025-05-01,CFI ou PPB,0.1,portaria_DesIn,0.1,,,False,False
90272019,cics_7,tecnologia_nacional,2024-12-26,2025-05-01,CFI ou PPB,0.1,portaria_DesIn,0.1,,,False,False
90283029,cics_7,tecnologia_nacional,2024-12-26,2025-05-01,CFI ou PPB,0.1,portaria_DesIn,0.1,,,False,False
90292010,cics_4,tecnologia_nacional,2024-11-11,2024-12-25,CFI ou PPB,0.1,portaria_DesIn,0.1,,,False,False
90308990,cics_4,tecnologia_nacional,2024-11-11,2024-12-25,CFI ou PPB,0.1,portaria_DesIn,0.1,,,False,False
90318012,cics_4,tecnologia_nacional,2024-11-11,2024-12-25,CFI ou PPB,0.1,portaria_DesIn,0.1,,,False,False
90328981,cics_4,tecnologia_nacional,2024-11-11,2024-12-25,CFI ou PPB,0.1,portaria_DesIn,0.1,,,False,False
90328930,cics_4,tecnologia_nacional,2024-11-11,2024-12-25,CFI ou PPB,0.1,portaria_DesIn,0.1,,,False,False
90321090,cics_4,tecnologia_nacional,2024-11-11,2024-12-25,CFI ou PPB,0.1,portaria_DesIn,0.1,,,False,False
30043220,cics_7,tecnologia_nacional,2024-12-26,2025-05-01,MedNac,0.05,MedIFANac,0.1,,,False,False
30042029,cics_7,tecnologia_nacional,2024-12-26,2025-05-01,MedNac,0.05,MedIFANac,0.1,,,False,False
30049035,cics_4,tecnologia_nacional,2024-11-11,2024-12-25,MedNac,0.05,MedIFANac,0.1,,,False,False
30049078,cics_7,tecnologia_nacional,2024-12-26,2025-05-01,MedNac,0.05,MedIFANac,0.1,,,False,False
30049079,cics_4,tecnologia_nacional,2024-11-11,2024-12-25,MedNac,0.05,MedIFANac,0.1,,,False,False
84295191,cics_3,conteudo_nacional,2024-11-10,2024-11-10,CFI,0.1,,,,,True,False
84295900,cics_3,conteudo_nacional,2024-11-10,2024-11-10,CFI,0.1,,,,,True,False
84306911,cics_3,conteudo_nacional,2024-11-10,2024-11-10,CFI,0.1,,,,,True,False
84791090,cics_3,conteudo_nacional,2024-11-10,2024-11-10,CFI,0.1,,,,,True,False
85076000,cics_4,conteudo_nacional,2024-11-11,2024-12-25,CFI,0.1,,,,,False,False
86080012,cics_1,conteudo_nacional,2024-09-01,2024-11-09,CFI,0.1,,,,,False,False
87019510,cics_3,conteudo_nacional,2024-11-10,2024-11-10,CFI,0.1,,,,,True,False
87024090,cics_1,conteudo_nacional,2024-09-01,2024-11-09,CFI,0.1,,,,,True,False
91019900,cics_8,tecnologia_nacional,2025-05-02,,CFI ou PPB,0.1,portaria_DesIn,0.1,,,True,True
91111000,cics_8,tecnologia_nacional,2025-05-02,,CFI ou PPB,0.1,portaria_DesIn,0.1,,,True,True
91040000,cics_8,tecnologia_nacional,2025-05-02,,CFI ou PPB,0.1,portaria_DesIn,0.1,,,True,True
30049099,cics_4,tecnologia_nacional,2024-11-11,2024-12-25,MedNac,0.05,MedIFANac,0.1,,,False,False
85044010,cics_4,conteudo_nacional,2024-11-11,2024-12-25,CFI,0.1,,,,,False,False
85301010,cics_8,tecnologia_nacional,2025-05-02,,CFI ou PPB,0.1,portaria_DesIn,0.1,,,True,True
85322510,cics_8,tecnologia_nacional,2025-05-02,,CFI ou PPB,0.1,portaria_DesIn,0.1,,,True,True
87060010,cics_4,conteudo_nacional,2024-11-11,2024-12-25,CFI,0.1,,,,,False,False
84238110,cics_8,tecnologia_nacional,2025-05-02,,CFI ou PPB,0.1,portaria_DesIn,0.1,,,True,True
84231000,cics_8,tecnologia_nacional,2025-05-02,,CFI ou PPB,0.1,portaria_DesIn,0.1,,,True,True
84295211,cics_4,conteudo_nacional,2024-11-11,2024-12-25,CFI,0.1,,,,,False,False
84294000,cics_4,conteudo_nacional,2024-11-11,2024-12-25,CFI,0.1,,,,,False,False
84431329,cics_4,tecnologia_nacional,2024-11-11,2024-12-25,CFI ou PPB,0.1,portaria_DesIn,0.1,,,False,False
84431910,cics_4,tecnologia_nacional,2024-11-11,2024-12-25,CFI ou PPB,0.1,portaria_DesIn,0.1,,,False,False
84433114,cics_4,tecnologia_nacional,2024-11-11,2024-12-25,CFI ou PPB,0.1,portaria_DesIn,0.1,,,False,False
84433222,cics_4,tecnologia_nacional,2024-11-11,2024-12-25,CFI ou PPB,0.1,portaria_DesIn,0.1,,,False,False
84439922,cics_4,tecnologia_nacional,2024-11-11,2024-12-25,CFI ou PPB,0.1,portaria_DesIn,0.1,,,False,False
84439933,cics_4,tecnologia_nacional,2024-11-11,2024-12-25,CFI ou PPB,0.1,portaria_DesIn,0.1,,,False,False
84713012,cics_8,tecnologia_nacional,2025-05-02,,CFI ou PPB,0.1,portaria_DesIn,0.1,,,True,True
84715090,cics_8,tecnologia_nacional,2025-05-02,,CFI ou PPB,0.1,portaria_DesIn,0.1,,,True,True
84717020,cics_8,tecnologia_nacional,2025-05-02,,CFI ou PPB,0.1,portaria_DesIn,0.1,,,True,True
84732100,cics_8,tecnologia_nacional,2025-05-02,,CFI ou PPB,0.1,portaria_DesIn,0.1,,,True,True
84733034,cics_8,tecnologia_nacional,2025-05-02,,CFI ou PPB,0.1,portaria_DesIn,0.1,,,True,True
84733090,cics_8,tecnologia_nacional,2025-05-02,,CFI ou PPB,0.1,portaria_DesIn,0.1,,,True,True
85176199,cics_4,tecnologia_nacional,2024-11-11,2024-12-25,CFI ou PPB,0.1,portaria_DesIn,0.1,,,False,False
85176221,cics_4,tecnologia_nacional,2024-11-11,2024-12-25,CFI ou PPB,0.1,portaria_DesIn,0.1,,,False,False
85176279,cics_4,tecnologia_nacional,2024-11-11,2024-12-25,CFI ou PPB,0.1,portaria_DesIn,0.1,,,False,False
85414121,cics_4,tecnologia_nacional,2024-11-11,2024-12-25,CFI ou PPB,0.1,portaria_DesIn,0.1,,,False,False
85415100,cics_4,tecnologia_nacional,2024-11-11,2024-12-25,CFI ou PPB,0.1,portaria_DesIn,0.1,,,False,False
85411031,cics_4,tecnologia_nacional,2024-11-11,2024-12-25,CFI ou PPB,0.1,portaria_DesIn,0.1,,,False,False
85437039,cics_8,tecnologia_nacional,2025-05-02,,CFI ou PPB,0.1,portaria_DesIn,0.1,,,True,True
87013000,cics_4,conteudo_nacional,2024-11-11,2024-12-25,CFI,0.1,,,,,False,False
90278991,cics_4,tecnologia_nacional,2024-11-11,2024-12-25,CFI ou PPB,0.1,portaria_DesIn,0.1,,,False,False
90272019,cics_4,tecnologia_nacional,2024-11-11,2024-12-25,CFI ou PPB,0.1,portaria_DesIn,0.1,,,False,False
90283029,cics_4,tecnologia_nacional,2024-11-11,2024-12-25,CFI ou PPB,0.1,portaria_DesIn,0.1,,,False,False
90292010,cics_8,tecnologia_nacional,2025-05-02,,CFI ou PPB,0.1,portaria_DesIn,0.1,,,True,True
90308990,cics_8,tecnologia_nacional,2025-05-02,,CFI ou PPB,0.1,portaria_DesIn,0.1,,,True,True
90318012,cics_8,tecnologia_nacional,2025-05-02,,CFI ou PPB,0.1,portaria_DesIn,0.1,,,True,True
90328981,cics_8,tecnologia_nacional,2025-05-02,,CFI ou PPB,0.1,portaria_DesIn,0.1,,,True,True
90328930,cics_8,tecnologia_nacional,2025-05-02,,CFI ou PPB,0.1,portaria_DesIn,0.1,,,True,True
90321090,cics_8,tecnologia_nacional,2025-05-02,,CFI ou PPB,0.1,portaria_DesIn,0.1,,,True,True
30043220,cics_4,tecnologia_nacional,2024-11-11,2024-12-25,MedNac,0.05,MedIFANac,0.1,,,False,False
30042029,cics_4,tecnologia_nacional,2024-11-11,2024-12-25,MedNac,0.05,MedIFANac,0.1,,,False,False
30049035,cics_8,tecnologia_nacional,2025-05-02,,MedNac,0.05,MedIFANac,0.1,,,True,True
30049078,cics_4,tecnologia_nacional,2024-11-11,2024-12-25,MedNac,0.05,MedIFANac,0.1,,,False,False
30049079,cics_8,tecnologia_nacional,2025-05-02,,MedNac,0.05,MedIFANac,0.1,,,True,True
85076000,cics_8,conteudo_nacional,2025-05-02,,CFI,0.1,,,,,True,True
86080012,cics_4,conteudo_nacional,2024-11-11,2024-12-25,CFI,0.1,,,,,False,False
30049099,cics_8,tecnologia_nacional,2025-05-02,,MedNac,0.05,MedIFANac,0.1,,,True,True
85044010,cics_8,conteudo_nacional,2025-05-02,,CFI,0.1,,,,,True,True
85301010,cics_7,tecnologia_nacional,2024-12-26,2025-05-01,CFI ou PPB,0.1,portaria_DesIn,0.1,,,False,False
85322510,cics_7,tecnologia_nacional,2024-12-26,2025-05-01,CFI ou PPB,0.1,portaria_DesIn,0.1,,,False,False
87060010,cics_8,conteudo_nacional,2025-05-02,,CFI,0.1,,,,,True,True
84238110,cics_7,tecnologia_nacional,2024-12-26,2025-05-01,CFI ou PPB,0.1,portaria_DesIn,0.1,,,False,False
84231000,cics_7,tecnologia_nacional,2024-12-26,2025-05-01,CFI ou PPB,0.1,portaria_DesIn,0.1,,,False,False
84295211,cics_8,conteudo_nacional,2025-05-02,,CFI,0.1,,,,,True,True
84294000,cics_8,conteudo_nacional,2025-05-02,,CFI,0.1,,,,,True,True
84431329,cics_8,tecnologia_nacional,2025-05-02,,CFI ou PPB,0.1,portaria_DesIn,0.1,,,True,True
84431910,cics_8,tecnologia_nacional,2025-05-02,,CFI ou PPB,0.1,portaria_DesIn,0.1,,,True,True
84433114,cics_8,tecnologia_nacional,2025-05-02,,CFI ou PPB,0.1,portaria_DesIn,0.1,,,True,True
84433222,cics_8,tecnologia_nacional,2025-05-02,,CFI ou PPB,0.1,portaria_DesIn,0.1,,,True,True
84439922,cics_8,tecnologia_nacional,2025-05-02,,CFI ou PPB,0.1,portaria_DesIn,0.1,,,True,True
84439933,cics_8,tecnologia_nacional,2025-05-02,,CFI ou PPB,0.1,portaria_DesIn,0.1,,,True,True
84713012,cics_7,tecnologia_nacional,2024-12-26,2025-05-01,CFI ou PPB,0.1,portaria_DesIn,0.1,,,False,False
84715090,cics_7,tecnologia_nacional,2024-12-26,2025-05-01,CFI ou PPB,0.1,portaria_DesIn,0.1,,,False,False
84717020,cics_7,tecnologia_nacional,2024-12-26,2025-05-01,CFI ou PPB,0.1,portaria_DesIn,0.1,,,False,False
84732100,cics_7,tecnologia_nacional,2024-12-26,2025-05-01,CFI ou PPB,0.1,portaria_DesIn,0.1,,,False,False
84733034,cics_7,tecnologia_nacional,2024-12-26,2025-05-01,CFI ou PPB,0.1,portaria_DesIn,0.1,,,False,False
84733090,cics_7,tecnologia_nacional,2024-12-26,2025-05-01,CFI ou PPB,0.1,portaria_DesIn,0.1,,,False,False
85176199,cics_8,tecnologia_nacional,2025-05-02,,CFI ou PPB,0.1,portaria_DesIn,0.1,,,True,True
85176221,cics_8,tecnologia_nacional,2025-05-02,,CFI ou PPB,0.1,portaria_DesIn,0.1,,,True,True
85176279,cics_8,tecnologia_nacional,2025-05-02,,CFI ou PPB,0.1,portaria_DesIn,0.1,,,True,True
85414121,cics_8,tecnologia_nacional,2025-05-02,,CFI ou PPB,0.1,portaria_DesIn,0.1,,,True,True
85415100,cics_8,tecnologia_nacional,2025-05-02,,CFI ou PPB,0.1,portaria_DesIn,0.1,,,True,True
85411031,cics_8,tecnologia_nacional,2025-05-02,,CFI ou PPB,0.1,portaria_DesIn,0.1,,,True,True
85437039,cics_7,tecnologia_nacional,2024-12-26,2025-05-01,CFI ou PPB,0.1,portaria_DesIn,0.1,,,False,False
87013000,cics_8,conteudo_nacional,2025-05-02,,CFI,0.1,,,,,True,True
90278991,cics_8,tecnologia_nacional,2025-05-02,,CFI ou PPB,0.1,portaria_DesIn,0.1,,,True,True
90272019,cics_8,tecnologia_nacional,2025-05-02,,CFI ou PPB,0.1,portaria_DesIn,0.1,,,True,True
90283029,cics_8,tecnologia_nacional,2025-05-02,,CFI ou PPB,0.1,portaria_DesIn,0.1,,,True,True
90292010,cics_7,tecnologia_nacional,2024-12-26,2025-05-01,CFI ou PPB,0.1,portaria_DesIn,0.1,,,False,False
90308990,cics_7,tecnologia_nacional,2024-12-26,2025-05-01,CFI ou PPB,0.1,portaria_DesIn,0.1,,,False,False
90318012,cics_7,tecnologia_nacional,2024-12-26,2025-05-01,CFI ou PPB,0.1,portaria_DesIn,0.1,,,False,False
90328981,cics_7,tecnologia_nacional,2024-12-26,2025-05-01,CFI ou PPB,0.1,portaria_DesIn,0.1,,,False,False
90328930,cics_7,tecnologia_nacional,2024-12-26,2025-05-01,CFI ou PPB,0.1,portaria_DesIn,0.1,,,False,False
90321090,cics_7,tecnologia_nacional,2024-12-26,2025-05-01,CFI ou PPB,0.1,portaria_DesIn,0.1,,,False,False
30043220,cics_8,tecnologia_nacional,2025-05-02,,MedNac,0.05,MedIFANac,0.1,,,True,True
30042029,cics_8,tecnologia_nacional,2025-05-02,,MedNac,0.05,MedIFANac,0.1,,,True,True
30049035,cics_7,tecnologia_nacional,2024-12-26,2025-05-01,MedNac,0.05,MedIFANac,0.1,,,False,False
30049078,cics_8,tecnologia_nacional,2025-05-02,,MedNac,0.05,MedIFANac,0.1,,,True,True
30049079,cics_7,tecnologia_nacional,2024-12-26,2025-05-01,MedNac,0.05,MedIFANac,0.1,,,False,False
85076000,cics_1,conteudo_nacional,2024-09-01,2024-11-09,CFI,0.1,,,,,False,False
86080012,cics_8,conteudo_nacional,2025-05-02,,CFI,0.1,,,,,True,True
85044010,cics_1,conteudo_nacional,2024-09-01,2024-11-09,CFI,0.1,,,,,False,False
87060010,cics_7,conteudo_nacional,2024-12-26,2025-05-01,CFI,0.1,,,,,False,False
86080012,cics_7,conteudo_nacional,2024-12-26,2025-05-01,CFI,0.1,,,,,False,False
84729010,cics_4,tecnologia_nacional,2024-11-11,2024-12-25,CFI ou PPB,0.1,portaria_DesIn,0.1,,,False,False
84729040,cics_4,tecnologia_nacional,2024-11-11,2024-12-25,CFI ou PPB,0.1,portaria_DesIn,0.1,,,False,False
84798210,cics_4,conteudo_nacional,2024-11-11,2024-12-25,CFI,0.1,,,,,False,False
85044022,cics_4,tecnologia_nacional,2024-11-11,2024-12-25,CFI ou PPB,0.1,portaria_DesIn,0.1,,,False,False
85044029,cics_4,tecnologia_nacional,2024-11-11,2024-12-25,CFI ou PPB,0.1,portaria_DesIn,0.1,,,False,False
85044030,cics_4,tecnologia_nacional,2024-11-11,2024-12-25,CFI ou PPB,0.1,portaria_DesIn,0.1,,,False,False
85049090,cics_4,tecnologia_nacional,2024-11-11,2024-12-25,CFI ou PPB,0.1,portaria_DesIn,0.1,,,False,False
85299011,cics_7,tecnologia_nacional,2024-12-26,2025-05-01,CFI ou PPB,0.1,portaria_DesIn,0.1,,,True,False
85365020,cics_7,tecnologia_nacional,2024-12-26,2025-05-01,CFI ou PPB,0.1,portaria_DesIn,0.1,,,False,False
85011011,cics_7,tecnologia_nacional,2024-12-26,2025-05-01,CFI ou PPB,0.1,portaria_DesIn,0.1,,,False,False
84431390,cics_7,tecnologia_nacional,2024-12-26,2025-05-01,CFI ou PPB,0.1,portaria_DesIn,0.1,,,False,False
84433236,cics_7,tecnologia_nacional,2024-12-26,2025-05-01,CFI ou PPB,0.1,portaria_DesIn,0.1,,,False,False
84439970,cics_7,tecnologia_nacional,2024-12-26,2025-05-01,CFI ou PPB,0.1,portaria_DesIn,0.1,,,False,False
84716053,cics_4,tecnologia_nacional,2024-11-11,2024-12-25,CFI ou PPB,0.1,portaria_DesIn,0.1,,,False,False
84717090,cics_4,tecnologia_nacional,2024-11-11,2024-12-25,CFI ou PPB,0.1,portaria_DesIn,0.1,,,False,False
84719011,cics_4,tecnologia_nacional,2024-11-11,2024-12-25,CFI ou PPB,0.1,portaria_DesIn,0.1,,,False,False
84719014,cics_4,tecnologia_nacional,2024-11-11,2024-12-25,CFI ou PPB,0.1,portaria_DesIn,0.1,,,False,False
84733033,cics_4,tecnologia_nacional,2024-11-11,2024-12-25,CFI ou PPB,0.1,portaria_DesIn,0.1,,,False,False
85176142,cics_7,tecnologia_nacional,2024-12-26,2025-05-01,CFI ou PPB,0.1,portaria_DesIn,0.1,,,False,False
85176229,cics_7,tecnologia_nacional,2024-12-26,2025-05-01,CFI ou PPB,0.1,portaria_DesIn,0.1,,,False,False
85176249,cics_7,tecnologia_nacional,2024-12-26,2025-05-01,CFI ou PPB,0.1,portaria_DesIn,0.1,,,False,False
85176272,cics_7,tecnologia_nacional,2024-12-26,2025-05-01,CFI ou PPB,0.1,portaria_DesIn,0.1,,,False,False
85198190,cics_8,tecnologia_nacional,2025-05-02,,CFI ou PPB,0.1,portaria_DesIn,0.1,,,True,True
85211010,cics_8,tecnologia_nacional,2025-05-02,,CFI ou PPB,0.1,portaria_DesIn,0.1,,,True,True
85271900,cics_8,tecnologia_nacional,2025-05-02,,CFI ou PPB,0.1,portaria_DesIn,0.1,,,True,True
85284200,cics_8,tecnologia_nacional,2025-05-02,,CFI ou PPB,0.1,portaria_DesIn,0.1,,,True,True
85287300,cics_8,tecnologia_nacional,2025-05-02,,CFI ou PPB,0.1,portaria_DesIn,0.1,,,True,True
85291020,cics_8,tecnologia_nacional,2025-05-02,,CFI ou PPB,0.1,portaria_DesIn,0.1,,,True,True
85411091,cics_7,tecnologia_nacional,2024-12-26,2025-05-01,CFI ou PPB,0.1,portaria_DesIn,0.1,,,False,False
85423931,cics_4,tecnologia_nacional,2024-11-11,2024-12-25,CFI ou PPB,0.1,portaria_DesIn,0.1,,,False,False
85437050,cics_4,tecnologia_nacional,2024-11-11,2024-12-25,CFI ou PPB,0.1,portaria_DesIn,0.1,,,False,False
86021000,cics_4,conteudo_nacional,2024-11-11,2024-12-25,CFI,0.1,,,,,False,False
87012200,cics_7,conteudo_nacional,2024-12-26,2025-05-01,CFI,0.1,,,,,False,False
87019490,cics_7,conteudo_nacional,2024-12-26,2025-05-01,CFI,0.1,,,,,False,False
90066100,cics_8,tecnologia_nacional,2025-05-02,,CFI ou PPB,0.1,portaria_DesIn,0.1,,,True,True
90278913,cics_7,tecnologia_nacional,2024-12-26,2025-05-01,CFI ou PPB,0.1,portaria_DesIn,0.1,,,False,False
90273011,cics_7,tecnologia_nacional,2024-12-26,2025-05-01,CFI ou PPB,0.1,portaria_DesIn,0.1,,,False,False
90275040,cics_7,tecnologia_nacional,2024-12-26,2025-05-01,CFI ou PPB,0.1,portaria_DesIn,0.1,,,False,False
90279099,cics_7,tecnologia_nacional,2024-12-26,2025-05-01,CFI ou PPB,0.1,portaria_DesIn,0.1,,,False,False
90281019,cics_7,tecnologia_nacional,2024-12-26,2025-05-01,CFI ou PPB,0.1,portaria_DesIn,0.1,,,False,False
90303311,cics_4,tecnologia_nacional,2024-11-11,2024-12-25,CFI ou PPB,0.1,portaria_DesIn,0.1,,,False,False
90303321,cics_4,tecnologia_nacional,2024-11-11,2024-12-25,CFI ou PPB,0.1,portaria_DesIn,0.1,,,False,False
90309010,cics_4,tecnologia_nacional,2024-11-11,2024-12-25,CFI ou PPB,0.1,portaria_DesIn,0.1,,,False,False
90314920,cics_4,tecnologia_nacional,2024-11-11,2024-12-25,CFI ou PPB,0.1,portaria_DesIn,0.1,,,False,False
90328921,cics_4,tecnologia_nacional,2024-11-11,2024-12-25,CFI ou PPB,0.1,portaria_DesIn,0.1,,,False,False
90328989,cics_4,tecnologia_nacional,2024-11-11,2024-12-25,CFI ou PPB,0.1,portaria_DesIn,0.1,,,False,False
90329010,cics_4,tecnologia_nacional,2024-11-11,2024-12-25,CFI ou PPB,0.1,portaria_DesIn,0.1,,,False,False
30024127,cics_7,tecnologia_nacional,2024-12-26,2025-05-01,MedNac,0.05,MedIFANac,0.1,,,False,False
30042069,cics_4,tecnologia_nacional,2024-11-11,2024-12-25,MedNac,0.05,MedIFANac,0.1,,,False,False
30045010,cics_4,tecnologia_nacional,2024-11-11,2024-12-25,MedNac,0.05,MedIFANac,0.1,,,False,False
30049042,cics_4,tecnologia_nacional,2024-11-11,2024-12-25,MedNac,0.05,MedIFANac,0.1,,,False,False
84292010,cics_3,conteudo_nacional,2024-11-10,2024-11-10,CFI,0.1,,,,,True,False
84305000,cics_3,conteudo_nacional,2024-11-10,2024-11-10,CFI,0.1,,,,,True,False
85044090,cics_4,conteudo_nacional,2024-11-11,2024-12-25,CFI,0.1,,,,,False,False
84729010,cics_8,tecnologia_nacional,2025-05-02,,CFI ou PPB,0.1,portaria_DesIn,0.1,,,True,True
84729040,cics_8,tecnologia_nacional,2025-05-02,,CFI ou PPB,0.1,portaria_DesIn,0.1,,,True,True
84798210,cics_8,conteudo_nacional,2025-05-02,,CFI,0.1,,,,,True,True
85044022,cics_8,tecnologia_nacional,2025-05-02,,CFI ou PPB,0.1,portaria_DesIn,0.1,,,True,True
85044029,cics_8,tecnologia_nacional,2025-05-02,,CFI ou PPB,0.1,portaria_DesIn,0.1,,,True,True
85044030,cics_8,tecnologia_nacional,2025-05-02,,CFI ou PPB,0.1,portaria_DesIn,0.1,,,True,True
85049090,cics_8,tecnologia_nacional,2025-05-02,,CFI ou PPB,0.1,portaria_DesIn,0.1,,,True,True
85299011,cics_4,tecnologia_nacional,2024-11-11,2024-12-25,CFI ou PPB,0.1,portaria_DesIn,0.1,,,False,False
85365020,cics_4,tecnologia_nacional,2024-11-11,2024-12-25,CFI ou PPB,0.1,portaria_DesIn,0.1,,,False,False
85011011,cics_4,tecnologia_nacional,2024-11-11,2024-12-25,CFI ou PPB,0.1,portaria_DesIn,0.1,,,False,False
84431390,cics_4,tecnologia_nacional,2024-11-11,2024-12-25,CFI ou PPB,0.1,portaria_DesIn,0.1,,,False,False
84433236,cics_4,tecnologia_nacional,2024-11-11,2024-12-25,CFI ou PPB,0.1,portaria_DesIn,0.1,,,False,False
84439970,cics_4,tecnologia_nacional,2024-11-11,2024-12-25,CFI ou PPB,0.1,portaria_DesIn,0.1,,,False,False
84716053,cics_8,tecnologia_nacional,2025-05-02,,CFI ou PPB,0.1,portaria_DesIn,0.1,,,True,True
84717090,cics_8,tecnologia_nacional,2025-05-02,,CFI ou PPB,0.1,portaria_DesIn,0.1,,,True,True
84719011,cics_8,tecnologia_nacional,2025-05-02,,CFI ou PPB,0.1,portaria_DesIn,0.1,,,True,True
84719014,cics_8,tecnologia_nacional,2025-05-02,,CFI ou PPB,0.1,portaria_DesIn,0.1,,,True,True
84733033,cics_8,tecnologia_nacional,2025-05-02,,CFI ou PPB,0.1,portaria_DesIn,0.1,,,True,True
85176142,cics_4,tecnologia_nacional,2024-11-11,2024-12-25,CFI ou PPB,0.1,portaria_DesIn,0.1,,,False,False
85176229,cics_4,tecnologia_nacional,2024-11-11,2024-12-25,CFI ou PPB,0.1,portaria_DesIn,0.1,,,False,False
85176249,cics_4,tecnologia_nacional,2024-11-11,2024-12-25,CFI ou PPB,0.1,portaria_DesIn,0.1,,,False,False
85176272,cics_4,tecnologia_nacional,2024-11-11,2024-12-25,CFI ou PPB,0.1,portaria_DesIn,0.1,,,False,False
85411091,cics_4,tecnologia_nacional,2024-11-11,2024-12-25,CFI ou PPB,0.1,portaria_DesIn,0.1,,,False,False
85423931,cics_8,tecnologia_nacional,2025-05-02,,CFI ou PPB,0.1,portaria_DesIn,0.1,,,True,True
85437050,cics_8,tecnologia_nacional,2025-05-02,,CFI ou PPB,0.1,portaria_DesIn,0.1,,,True,True
86021000,cics_8,conteudo_nacional,2025-05-02,,CFI,0.1,,,,,True,True
87012200,cics_4,conteudo_nacional,2024-11-11,2024-12-25,CFI,0.1,,,,,False,False
87019490,cics_4,conteudo_nacional,2024-11-11,2024-12-25,CFI,0.1,,,,,False,False
90278913,cics_4,tecnologia_nacional,2024-11-11,2024-12-25,CFI ou PPB,0.1,portaria_DesIn,0.1,,,False,False
90273011,cics_4,tecnologia_nacional,2024-11-11,2024-12-25,CFI ou PPB,0.1,portaria_DesIn,0.1,,,False,False
90275040,cics_4,tecnologia_nacional,2024-11-11,2024-12-25,CFI ou PPB,0.1,portaria_DesIn,0.1,,,False,False
90279099,cics_4,tecnologia_nacional,2024-11-11,2024-12-25,CFI ou PPB,0.1,portaria_DesIn,0.1,,,False,False
90281019,cics_4,tecnologia_nacional,2024-11-11,2024-12-25,CFI ou PPB,0.1,portaria_DesIn,0.1,,,False,False
90303311,cics_8,tecnologia_nacional,2025-05-02,,CFI ou PPB,0.1,portaria_DesIn,0.1,,,True,True
90303321,cics_8,tecnologia_nacional,2025-05-02,,CFI ou PPB,0.1,portaria_DesIn,0.1,,,True,True
90309010,cics_8,tecnologia_nacional,2025-05-02,,CFI ou PPB,0.1,portaria_DesIn,0.1,,,True,True
90314920,cics_8,tecnologia_nacional,2025-05-02,,CFI ou PPB,0.1,portaria_DesIn,0.1,,,True,True
90328921,cics_8,tecnologia_nacional,2025-05-02,,CFI ou PPB,0.1,portaria_DesIn,0.1,,,True,True
90328989,cics_8,tecnologia_nacional,2025-05-02,,CFI ou PPB,0.1,portaria_DesIn,0.1,,,True,True
90329010,cics_8,tecnologia_nacional,2025-05-02,,CFI ou PPB,0.1,portaria_DesIn,0.1,,,True,True
30024127,cics_4,tecnologia_nacional,2024-11-11,2024-12-25,MedNac,0.05,MedIFANac,0.1,,,False,False
30042069,cics_8,tecnologia_nacional,2025-05-02,,MedNac,0.05,MedIFANac,0.1,,,True,True
30045010,cics_8,tecnologia_nacional,2025-05-02,,MedNac,0.05,MedIFANac,0.1,,,True,True
30049042,cics_8,tecnologia_nacional,2025-05-02,,MedNac,0.05,MedIFANac,0.1,,,True,True
85044090,cics_8,conteudo_nacional,2025-05-02,,CFI,0.1,,,,,True,True
84729010,cics_7,tecnologia_nacional,2024-12-26,2025-05-01,CFI ou PPB,0.1,portaria_DesIn,0.1,,,False,False
84729040,cics_7,tecnologia_nacional,2024-12-26,2025-05-01,CFI ou PPB,0.1,portaria_DesIn,0.1,,,False,False
84798210,cics_7,conteudo_nacional,2024-12-26,2025-05-01,CFI,0.1,,,,,False,False
85044022,cics_7,tecnologia_nacional,2024-12-26,2025-05-01,CFI ou PPB,0.1,portaria_DesIn,0.1,,,False,False
85044029,cics_7,tecnologia_nacional,2024-12-26,2025-05-01,CFI ou PPB,0.1,portaria_DesIn,0.1,,,False,False
85044030,cics_7,tecnologia_nacional,2024-12-26,2025-05-01,CFI ou PPB,0.1,portaria_DesIn,0.1,,,False,False
85049090,cics_7,tecnologia_nacional,2024-12-26,2025-05-01,CFI ou PPB,0.1,portaria_DesIn,0.1,,,False,False
85365020,cics_8,tecnologia_nacional,2025-05-02,,CFI ou PPB,0.1,portaria_DesIn,0.1,,,True,True
85011011,cics_8,tecnologia_nacional,2025-05-02,,CFI ou PPB,0.1,portaria_DesIn,0.1,,,True,True
84431390,cics_8,tecnologia_nacional,2025-05-02,,CFI ou PPB,0.1,portaria_DesIn,0.1,,,True,True
84433236,cics_8,tecnologia_nacional,2025-05-02,,CFI ou PPB,0.1,portaria_DesIn,0.1,,,True,True
84439970,cics_8,tecnologia_nacional,2025-05-02,,CFI ou PPB,0.1,portaria_DesIn,0.1,,,True,True
84716053,cics_7,tecnologia_nacional,2024-12-26,2025-05-01,CFI ou PPB,0.1,portaria_DesIn,0.1,,,False,False
84717090,cics_7,tecnologia_nacional,2024-12-26,2025-05-01,CFI ou PPB,0.1,portaria_DesIn,0.1,,,False,False
84719011,cics_7,tecnologia_nacional,2024-12-26,2025-05-01,CFI ou PPB,0.1,portaria_DesIn,0.1,,,False,False
84719014,cics_7,tecnologia_nacional,2024-12-26,2025-05-01,CFI ou PPB,0.1,portaria_DesIn,0.1,,,False,False
84733033,cics_7,tecnologia_nacional,2024-12-26,2025-05-01,CFI ou PPB,0.1,portaria_DesIn,0.1,,,False,False
85176142,cics_8,tecnologia_nacional,2025-05-02,,CFI ou PPB,0.1,portaria_DesIn,0.1,,,True,True
85176229,cics_8,tecnologia_nacional,2025-05-02,,CFI ou PPB,0.1,portaria_DesIn,0.1,,,True,True
85176249,cics_8,tecnologia_nacional,2025-05-02,,CFI ou PPB,0.1,portaria_DesIn,0.1,,,True,True
85176272,cics_8,tecnologia_nacional,2025-05-02,,CFI ou PPB,0.1,portaria_DesIn,0.1,,,True,True
85411091,cics_8,tecnologia_nacional,2025-05-02,,CFI ou PPB,0.1,portaria_DesIn,0.1,,,True,True
85423931,cics_7,tecnologia_nacional,2024-12-26,2025-05-01,CFI ou PPB,0.1,portaria_DesIn,0.1,,,False,False
85437050,cics_7,tecnologia_nacional,2024-12-26,2025-05-01,CFI ou PPB,0.1,portaria_DesIn,0.1,,,False,False
86021000,cics_7,conteudo_nacional,2024-12-26,2025-05-01,CFI,0.1,,,,,False,False
87012200,cics_8,conteudo_nacional,2025-05-02,,CFI,0.1,,,,,True,True
87019490,cics_8,conteudo_nacional,2025-05-02,,CFI,0.1,,,,,True,True
90278913,cics_8,tecnologia_nacional,2025-05-02,,CFI ou PPB,0.1,portaria_DesIn,0.1,,,True,True
90273011,cics_8,tecnologia_nacional,2025-05-02,,CFI ou PPB,0.1,portaria_DesIn,0.1,,,True,True
90275040,cics_8,tecnologia_nacional,2025-05-02,,CFI ou PPB,0.1,portaria_DesIn,0.1,,,True,True
90279099,cics_8,tecnologia_nacional,2025-05-02,,CFI ou PPB,0.1,portaria_DesIn,0.1,,,True,True
90281019,cics_8,tecnologia_nacional,2025-05-02,,CFI ou PPB,0.1,portaria_DesIn,0.1,,,True,True
90303311,cics_7,tecnologia_nacional,2024-12-26,2025-05-01,CFI ou PPB,0.1,portaria_DesIn,0.1,,,False,False
90303321,cics_7,tecnologia_nacional,2024-12-26,2025-05-01,CFI ou PPB,0.1,portaria_DesIn,0.1,,,False,False
90309010,cics_7,tecnologia_nacional,2024-12-26,2025-05-01,CFI ou PPB,0.1,portaria_DesIn,0.1,,,False,False
90314920,cics_7,tecnologia_nacional,2024-12-26,2025-05-01,CFI ou PPB,0.1,portaria_DesIn,0.1,,,False,False
90328921,cics_7,tecnologia_nacional,2024-12-26,2025-05-01,CFI ou PPB,0.1,portaria_DesIn,0.1,,,False,False
90328989,cics_7,tecnologia_nacional,2024-12-26,2025-05-01,CFI ou PPB,0.1,portaria_DesIn,0.1,,,False,False
90329010,cics_7,tecnologia_nacional,2024-12-26,2025-05-01,CFI ou PPB,0.1,portaria_DesIn,0.1,,,False,False
30024127,cics_8,tecnologia_nacional,2025-05-02,,MedNac,0.05,MedIFANac,0.1,,,True,True
30042069,cics_7,tecnologia_nacional,2024-12-26,2025-05-01,MedNac,0.05,MedIFANac,0.1,,,False,False
30045010,cics_7,tecnologia_nacional,2024-12-26,2025-05-01,MedNac,0.05,MedIFANac,0.1,,,False,False
30049042,cics_7,tecnologia_nacional,2024-12-26,2025-05-01,MedNac,0.05,MedIFANac,0.1,,,False,False
85044090,cics_3,conteudo_nacional,2024-11-10,2024-11-10,CFI,0.1,,,,,False,False
85044090,cics_7,conteudo_nacional,2024-12-26,2025-05-01,CFI,0.1,,,,,False,False
86029000,cics_1,conteudo_nacional,2024-09-01,2024-11-09,CFI,0.1,,,,,True,False
86040090,cics_1,conteudo_nacional,2024-09-01,2024-11-09,CFI,0.1,,,,,True,False
90221991,cics_7,tecnologia_nacional,2024-12-26,2025-05-01,CFI ou PPB,0.1,portaria_DesIn,0.1,,,False,False
90221999,cics_7,tecnologia_nacional,2024-12-26,2025-05-01,CFI ou PPB,0.1,portaria_DesIn,0.1,,,False,False
84295111,cics_7,conteudo_nacional,2024-12-26,2025-05-01,CFI,0.1,,,,,False,False
84295191,cics_7,conteudo_nacional,2024-12-26,2025-05-01,CFI,0.1,,,,,False,False
84433111,cics_7,tecnologia_nacional,2024-12-26,2025-05-01,CFI ou PPB,0.1,portaria_DesIn,0.1,,,False,False
84433251,cics_7,tecnologia_nacional,2024-12-26,2025-05-01,CFI ou PPB,0.1,portaria_DesIn,0.1,,,False,False
84716054,cics_4,tecnologia_nacional,2024-11-11,2024-12-25,CFI ou PPB,0.1,portaria_DesIn,0.1,,,False,False
85171432,cics_7,tecnologia_nacional,2024-12-26,2025-05-01,CFI ou PPB,0.1,portaria_DesIn,0.1,,,False,False
85176241,cics_7,tecnologia_nacional,2024-12-26,2025-05-01,CFI ou PPB,0.1,portaria_DesIn,0.1,,,False,False
85258912,cics_8,tecnologia_nacional,2025-05-02,,CFI ou PPB,0.1,portaria_DesIn,0.1,,,True,True
85256020,cics_8,tecnologia_nacional,2025-05-02,,CFI ou PPB,0.1,portaria_DesIn,0.1,,,True,True
85269100,cics_7,tecnologia_nacional,2024-12-26,2025-05-01,CFI ou PPB,0.1,portaria_DesIn,0.1,,,False,False
85287200,cics_8,tecnologia_nacional,2025-05-02,,CFI ou PPB,0.1,portaria_DesIn,0.1,,,True,True
85409900,cics_8,tecnologia_nacional,2025-05-02,,CFI ou PPB,0.1,portaria_DesIn,0.1,,,True,True
85412191,cics_7,tecnologia_nacional,2024-12-26,2025-05-01,CFI ou PPB,0.1,portaria_DesIn,0.1,,,False,False
85411012,cics_7,tecnologia_nacional,2024-12-26,2025-05-01,CFI ou PPB,0.1,portaria_DesIn,0.1,,,False,False
85413019,cics_7,tecnologia_nacional,2024-12-26,2025-05-01,CFI ou PPB,0.1,portaria_DesIn,0.1,,,False,False
85419090,cics_7,tecnologia_nacional,2024-12-26,2025-05-01,CFI ou PPB,0.1,portaria_DesIn,0.1,,,False,False
87019200,cics_7,conteudo_nacional,2024-12-26,2025-05-01,CFI,0.1,,,,,False,False
87011000,cics_7,conteudo_nacional,2024-12-26,2025-05-01,CFI,0.1,,,,,False,False
87023000,cics_7,conteudo_nacional,2024-12-26,2025-05-01,CFI,0.1,,,,,False,False
90079200,cics_8,tecnologia_nacional,2025-05-02,,CFI ou PPB,0.1,portaria_DesIn,0.1,,,True,True
90072090,cics_8,tecnologia_nacional,2025-05-02,,CFI ou PPB,0.1,portaria_DesIn,0.1,,,True,True
90071000,cics_8,tecnologia_nacional,2025-05-02,,CFI ou PPB,0.1,portaria_DesIn,0.1,,,True,True
90269020,cics_7,tecnologia_nacional,2024-12-26,2025-05-01,CFI ou PPB,0.1,portaria_DesIn,0.1,,,False,False
90275010,cics_7,tecnologia_nacional,2024-12-26,2025-05-01,CFI ou PPB,0.1,portaria_DesIn,0.1,,,False,False
90283021,cics_7,tecnologia_nacional,2024-12-26,2025-05-01,CFI ou PPB,0.1,portaria_DesIn,0.1,,,False,False
90289090,cics_7,tecnologia_nacional,2024-12-26,2025-05-01,CFI ou PPB,0.1,portaria_DesIn,0.1,,,False,False
90303200,cics_4,tecnologia_nacional,2024-11-11,2024-12-25,CFI ou PPB,0.1,portaria_DesIn,0.1,,,False,False
90314990,cics_4,tecnologia_nacional,2024-11-11,2024-12-25,CFI ou PPB,0.1,portaria_DesIn,0.1,,,False,False
90328929,cics_4,tecnologia_nacional,2024-11-11,2024-12-25,CFI ou PPB,0.1,portaria_DesIn,0.1,,,False,False
30049072,cics_7,tecnologia_nacional,2024-12-26,2025-05-01,MedNac,0.05,MedIFANac,0.1,,,False,False
84303910,cics_3,conteudo_nacional,2024-11-10,2024-11-10,CFI,0.1,,,,,True,False
84304110,cics_3,conteudo_nacional,2024-11-10,2024-11-10,CFI,0.1,,,,,True,False
84799090,cics_7,tecnologia_nacional,2024-12-26,2025-05-01,CFI ou PPB,0.1,portaria_DesIn,0.1,,,False,False
85285200,cics_7,tecnologia_nacional,2024-12-26,2025-05-01,CFI ou PPB,0.1,portaria_DesIn,0.1,,,True,False
85369040,cics_4,tecnologia_nacional,2024-11-11,2024-12-25,CFI ou PPB,0.1,portaria_DesIn,0.1,,,False,False
87024010,cics_1,conteudo_nacional,2024-09-01,2024-11-09,CFI,0.1,,,,,True,False
84233090,cics_4,tecnologia_nacional,2024-11-11,2024-12-25,CFI ou PPB,0.1,portaria_DesIn,0.1,,,False,False
84295212,cics_7,conteudo_nacional,2024-12-26,2025-05-01,CFI,0.1,,,,,False,False
84292010,cics_7,conteudo_nacional,2024-12-26,2025-05-01,CFI,0.1,,,,,False,False
84306919,cics_4,conteudo_nacional,2024-11-11,2024-12-25,CFI,0.1,,,,,False,False
84431110,cics_7,tecnologia_nacional,2024-12-26,2025-05-01,CFI ou PPB,0.1,portaria_DesIn,0.1,,,False,False
84433231,cics_7,tecnologia_nacional,2024-12-26,2025-05-01,CFI ou PPB,0.1,portaria_DesIn,0.1,,,False,False
84433929,cics_7,tecnologia_nacional,2024-12-26,2025-05-01,CFI ou PPB,0.1,portaria_DesIn,0.1,,,False,False
84439941,cics_7,tecnologia_nacional,2024-12-26,2025-05-01,CFI ou PPB,0.1,portaria_DesIn,0.1,,,False,False
84439990,cics_7,tecnologia_nacional,2024-12-26,2025-05-01,CFI ou PPB,0.1,portaria_DesIn,0.1,,,False,False
84713011,cics_4,tecnologia_nacional,2024-11-11,2024-12-25,CFI ou PPB,0.1,portaria_DesIn,0.1,,,False,False
84715030,cics_4,tecnologia_nacional,2024-11-11,2024-12-25,CFI ou PPB,0.1,portaria_DesIn,0.1,,,False,False
84717010,cics_4,tecnologia_nacional,2024-11-11,2024-12-25,CFI ou PPB,0.1,portaria_DesIn,0.1,,,False,False
84733042,cics_4,tecnologia_nacional,2024-11-11,2024-12-25,CFI ou PPB,0.1,portaria_DesIn,0.1,,,False,False
84733049,cics_4,tecnologia_nacional,2024-11-11,2024-12-25,CFI ou PPB,0.1,portaria_DesIn,0.1,,,False,False
84735050,cics_4,tecnologia_nacional,2024-11-11,2024-12-25,CFI ou PPB,0.1,portaria_DesIn,0.1,,,False,False
85176149,cics_7,tecnologia_nacional,2024-12-26,2025-05-01,CFI ou PPB,0.1,portaria_DesIn,0.1,,,False,False
85176251,cics_7,tecnologia_nacional,2024-12-26,2025-05-01,CFI ou PPB,0.1,portaria_DesIn,0.1,,,False,False
85176291,cics_7,tecnologia_nacional,2024-12-26,2025-05-01,CFI ou PPB,0.1,portaria_DesIn,0.1,,,False,False
85235210,cics_8,tecnologia_nacional,2025-05-02,,CFI ou PPB,0.1,portaria_DesIn,0.1,,,True,True
85258200,cics_8,tecnologia_nacional,2025-05-02,,CFI ou PPB,0.1,portaria_DesIn,0.1,,,True,True
85255011,cics_8,tecnologia_nacional,2025-05-02,,CFI ou PPB,0.1,portaria_DesIn,0.1,,,True,True
85255021,cics_8,tecnologia_nacional,2025-05-02,,CFI ou PPB,0.1,portaria_DesIn,0.1,,,True,True
85256010,cics_8,tecnologia_nacional,2025-05-02,,CFI ou PPB,0.1,portaria_DesIn,0.1,,,True,True
85312000,cics_7,tecnologia_nacional,2024-12-26,2025-05-01,CFI ou PPB,0.1,portaria_DesIn,0.1,,,False,False
85402020,cics_8,tecnologia_nacional,2025-05-02,,CFI ou PPB,0.1,portaria_DesIn,0.1,,,True,True
85423110,cics_4,tecnologia_nacional,2024-11-11,2024-12-25,CFI ou PPB,0.1,portaria_DesIn,0.1,,,False,False
85437031,cics_4,tecnologia_nacional,2024-11-11,2024-12-25,CFI ou PPB,0.1,portaria_DesIn,0.1,,,False,False
85437099,cics_4,tecnologia_nacional,2024-11-11,2024-12-25,CFI ou PPB,0.1,portaria_DesIn,0.1,,,False,False
87019510,cics_7,conteudo_nacional,2024-12-26,2025-05-01,CFI,0.1,,,,,False,False
90065951,cics_8,tecnologia_nacional,2025-05-02,,CFI ou PPB,0.1,portaria_DesIn,0.1,,,True,True
90065940,cics_8,tecnologia_nacional,2025-05-02,,CFI ou PPB,0.1,portaria_DesIn,0.1,,,True,True
90063000,cics_8,tecnologia_nacional,2025-05-02,,CFI ou PPB,0.1,portaria_DesIn,0.1,,,True,True
90085000,cics_8,tecnologia_nacional,2025-05-02,,CFI ou PPB,0.1,portaria_DesIn,0.1,,,True,True
90278999,cics_7,tecnologia_nacional,2024-12-26,2025-05-01,CFI ou PPB,0.1,portaria_DesIn,0.1,,,False,False
90275030,cics_7,tecnologia_nacional,2024-12-26,2025-05-01,CFI ou PPB,0.1,portaria_DesIn,0.1,,,False,False
90279093,cics_7,tecnologia_nacional,2024-12-26,2025-05-01,CFI ou PPB,0.1,portaria_DesIn,0.1,,,False,False
90279010,cics_7,tecnologia_nacional,2024-12-26,2025-05-01,CFI ou PPB,0.1,portaria_DesIn,0.1,,,False,False
90282020,cics_7,tecnologia_nacional,2024-12-26,2025-05-01,CFI ou PPB,0.1,portaria_DesIn,0.1,,,False,False
90283090,cics_7,tecnologia_nacional,2024-12-26,2025-05-01,CFI ou PPB,0.1,portaria_DesIn,0.1,,,False,False
90292020,cics_4,tecnologia_nacional,2024-11-11,2024-12-25,CFI ou PPB,0.1,portaria_DesIn,0.1,,,False,False
90303100,cics_4,tecnologia_nacional,2024-11-11,2024-12-25,CFI ou PPB,0.1,portaria_DesIn,0.1,,,False,False
90302022,cics_4,tecnologia_nacional,2024-11-11,2024-12-25,CFI ou PPB,0.1,portaria_DesIn,0.1,,,False,False
90302030,cics_4,tecnologia_nacional,2024-11-11,2024-12-25,CFI ou PPB,0.1,portaria_DesIn,0.1,,,False,False
90319010,cics_4,tecnologia_nacional,2024-11-11,2024-12-25,CFI ou PPB,0.1,portaria_DesIn,0.1,,,False,False
90319090,cics_4,tecnologia_nacional,2024-11-11,2024-12-25,CFI ou PPB,0.1,portaria_DesIn,0.1,,,False,False
30024122,cics_4,tecnologia_nacional,2024-11-11,2024-12-25,MedNac,0.05,MedIFANac,0.1,,,False,False
30024126,cics_4,tecnologia_nacional,2024-11-11,2024-12-25,MedNac,0.05,MedIFANac,0.1,,,False,False
30024129,cics_7,tecnologia_nacional,2024-12-26,2025-05-01,MedNac,0.05,MedIFANac,0.1,,,False,False
30041014,cics_7,tecnologia_nacional,2024-12-26,2025-05-01,MedNac,0.05,MedIFANac,0.1,,,False,False
30049069,cics_4,tecnologia_nacional,2024-11-11,2024-12-25,MedNac,0.05,MedIFANac,0.1,,,False,False
30049076,cics_4,tecnologia_nacional,2024-11-11,2024-12-25,MedNac,0.05,MedIFANac,0.1,,,False,False
38229000,cics_4,tecnologia_nacional,2024-11-11,2024-12-25,MedNac,0.05,MedIFANac,0.1,,,True,False
84295199,cics_3,conteudo_nacional,2024-11-10,2024-11-10,CFI,0.1,,,,,True,False
84304190,cics_3,conteudo_nacional,2024-11-10,2024-11-10,CFI,0.1,,,,,True,False
84306990,cics_3,conteudo_nacional,2024-11-10,2024-11-10,CFI,0.1,,,,,True,False
85322410,cics_4,tecnologia_nacional,2024-11-11,2024-12-25,CFI ou PPB,0.1,portaria_DesIn,0.1,,,False,False
85354090,cics_4,conteudo_nacional,2024-11-11,2024-12-25,CFI,0.1,,,,,False,False
87022000,cics_1,conteudo_nacional,2024-09-01,2024-11-09,CFI,0.1,,,,,True,False
84295199,cics_7,conteudo_nacional,2024-12-26,2025-05-01,CFI,0.1,,,,,False,False
84303990,cics_4,conteudo_nacional,2024-11-11,2024-12-25,CFI,0.1,,,,,False,False
84433990,cics_7,tecnologia_nacional,2024-12-26,2025-05-01,CFI ou PPB,0.1,portaria_DesIn,0.1,,,False,False
84439199,cics_7,tecnologia_nacional,2024-12-26,2025-05-01,CFI ou PPB,0.1,portaria_DesIn,0.1,,,False,False
84439929,cics_7,tecnologia_nacional,2024-12-26,2025-05-01,CFI ou PPB,0.1,portaria_DesIn,0.1,,,False,False
84439960,cics_7,tecnologia_nacional,2024-12-26,2025-05-01,CFI ou PPB,0.1,portaria_DesIn,0.1,,,False,False
84717030,cics_4,tecnologia_nacional,2024-11-11,2024-12-25,CFI ou PPB,0.1,portaria_DesIn,0.1,,,False,False
84735010,cics_4,tecnologia_nacional,2024-11-11,2024-12-25,CFI ou PPB,0.1,portaria_DesIn,0.1,,,False,False
85079090,cics_4,tecnologia_nacional,2024-11-11,2024-12-25,CFI ou PPB,0.1,portaria_DesIn,0.1,,,False,False
85078000,cics_4,tecnologia_nacional,2024-11-11,2024-12-25,CFI ou PPB,0.1,portaria_DesIn,0.1,,,False,False
85176256,cics_7,tecnologia_nacional,2024-12-26,2025-05-01,CFI ou PPB,0.1,portaria_DesIn,0.1,,,False,False
85177110,cics_7,tecnologia_nacional,2024-12-26,2025-05-01,CFI ou PPB,0.1,portaria_DesIn,0.1,,,False,False
85234110,cics_8,tecnologia_nacional,2025-05-02,,CFI ou PPB,0.1,portaria_DesIn,0.1,,,True,True
85234920,cics_8,tecnologia_nacional,2025-05-02,,CFI ou PPB,0.1,portaria_DesIn,0.1,,,True,True
85258100,cics_8,tecnologia_nacional,2025-05-02,,CFI ou PPB,0.1,portaria_DesIn,0.1,,,True,True
85255019,cics_8,tecnologia_nacional,2025-05-02,,CFI ou PPB,0.1,portaria_DesIn,0.1,,,True,True
85272900,cics_8,tecnologia_nacional,2025-05-02,,CFI ou PPB,0.1,portaria_DesIn,0.1,,,True,True
85279910,cics_8,tecnologia_nacional,2025-05-02,,CFI ou PPB,0.1,portaria_DesIn,0.1,,,True,True
85287111,cics_8,tecnologia_nacional,2025-05-02,,CFI ou PPB,0.1,portaria_DesIn,0.1,,,True,True
85299040,cics_8,tecnologia_nacional,2025-05-02,,CFI ou PPB,0.1,portaria_DesIn,0.1,,,True,True
85406010,cics_8,tecnologia_nacional,2025-05-02,,CFI ou PPB,0.1,portaria_DesIn,0.1,,,True,True
85414290,cics_7,tecnologia_nacional,2024-12-26,2025-05-01,CFI ou PPB,0.1,portaria_DesIn,0.1,,,False,False
85413029,cics_7,tecnologia_nacional,2024-12-26,2025-05-01,CFI ou PPB,0.1,portaria_DesIn,0.1,,,False,False
85423291,cics_4,tecnologia_nacional,2024-11-11,2024-12-25,CFI ou PPB,0.1,portaria_DesIn,0.1,,,False,False
85429000,cics_4,tecnologia_nacional,2024-11-11,2024-12-25,CFI ou PPB,0.1,portaria_DesIn,0.1,,,False,False
85437011,cics_4,tecnologia_nacional,2024-11-11,2024-12-25,CFI ou PPB,0.1,portaria_DesIn,0.1,,,False,False
85437091,cics_4,tecnologia_nacional,2024-11-11,2024-12-25,CFI ou PPB,0.1,portaria_DesIn,0.1,,,False,False
90278920,cics_7,tecnologia_nacional,2024-12-26,2025-05-01,CFI ou PPB,0.1,portaria_DesIn,0.1,,,False,False
90308290,cics_4,tecnologia_nacional,2024-11-11,2024-12-25,CFI ou PPB,0.1,portaria_DesIn,0.1,,,False,False
90308420,cics_4,tecnologia_nacional,2024-11-11,2024-12-25,CFI ou PPB,0.1,portaria_DesIn,0.1,,,False,False
90304010,cics_4,tecnologia_nacional,2024-11-11,2024-12-25,CFI ou PPB,0.1,portaria_DesIn,0.1,,,False,False
90312090,cics_4,tecnologia_nacional,2024-11-11,2024-12-25,CFI ou PPB,0.1,portaria_DesIn,0.1,,,False,False
90328922,cics_4,tecnologia_nacional,2024-11-11,2024-12-25,CFI ou PPB,0.1,portaria_DesIn,0.1,,,False,False
90328924,cics_4,tecnologia_nacional,2024-11-11,2024-12-25,CFI ou PPB,0.1,portaria_DesIn,0.1,,,False,False
90221991,cics_4,tecnologia_nacional,2024-11-11,2024-12-25,CFI ou PPB,0.1,portaria_DesIn,0.1,,,False,False
90221999,cics_4,tecnologia_nacional,2024-11-11,2024-12-25,CFI ou PPB,0.1,portaria_DesIn,0.1,,,False,False
84295111,cics_4,conteudo_nacional,2024-11-11,2024-12-25,CFI,0.1,,,,,False,False
84295191,cics_4,conteudo_nacional,2024-11-11,2024-12-25,CFI,0.1,,,,,False,False
84433111,cics_4,tecnologia_nacional,2024-11-11,2024-12-25,CFI ou PPB,0.1,portaria_DesIn,0.1,,,False,False
84433251,cics_4,tecnologia_nacional,2024-11-11,2024-12-25,CFI ou PPB,0.1,portaria_DesIn,0.1,,,False,False
84716054,cics_8,tecnologia_nacional,2025-05-02,,CFI ou PPB,0.1,portaria_DesIn,0.1,,,True,True
85171432,cics_4,tecnologia_nacional,2024-11-11,2024-12-25,CFI ou PPB,0.1,portaria_DesIn,0.1,,,False,False
85176241,cics_4,tecnologia_nacional,2024-11-11,2024-12-25,CFI ou PPB,0.1,portaria_DesIn,0.1,,,False,False
85269100,cics_4,tecnologia_nacional,2024-11-11,2024-12-25,CFI ou PPB,0.1,portaria_DesIn,0.1,,,False,False
85412191,cics_4,tecnologia_nacional,2024-11-11,2024-12-25,CFI ou PPB,0.1,portaria_DesIn,0.1,,,False,False
85411012,cics_4,tecnologia_nacional,2024-11-11,2024-12-25,CFI ou PPB,0.1,portaria_DesIn,0.1,,,False,False
85413019,cics_4,tecnologia_nacional,2024-11-11,2024-12-25,CFI ou PPB,0.1,portaria_DesIn,0.1,,,False,False
85419090,cics_4,tecnologia_nacional,2024-11-11,2024-12-25,CFI ou PPB,0.1,portaria_DesIn,0.1,,,False,False
87019200,cics_4,conteudo_nacional,2024-11-11,2024-12-25,CFI,0.1,,,,,False,False
87011000,cics_4,conteudo_nacional,2024-11-11,2024-12-25,CFI,0.1,,,,,False,False
87023000,cics_4,conteudo_nacional,2024-11-11,2024-12-25,CFI,0.1,,,,,False,False
90269020,cics_4,tecnologia_nacional,2024-11-11,2024-12-25,CFI ou PPB,0.1,portaria_DesIn,0.1,,,False,False
90275010,cics_4,tecnologia_nacional,2024-11-11,2024-12-25,CFI ou PPB,0.1,portaria_DesIn,0.1,,,False,False
90283021,cics_4,tecnologia_nacional,2024-11-11,2024-12-25,CFI ou PPB,0.1,portaria_DesIn,0.1,,,False,False
90289090,cics_4,tecnologia_nacional,2024-11-11,2024-12-25,CFI ou PPB,0.1,portaria_DesIn,0.1,,,False,False
90303200,cics_8,tecnologia_nacional,2025-05-02,,CFI ou PPB,0.1,portaria_DesIn,0.1,,,True,True
90314990,cics_8,tecnologia_nacional,2025-05-02,,CFI ou PPB,0.1,portaria_DesIn,0.1,,,True,True
90328929,cics_8,tecnologia_nacional,2025-05-02,,CFI ou PPB,0.1,portaria_DesIn,0.1,,,True,True
30049072,cics_4,tecnologia_nacional,2024-11-11,2024-12-25,MedNac,0.05,MedIFANac,0.1,,,False,False
84799090,cics_4,tecnologia_nacional,2024-11-11,2024-12-25,CFI ou PPB,0.1,portaria_DesIn,0.1,,,False,False
85285200,cics_4,tecnologia_nacional,2024-11-11,2024-12-25,CFI ou PPB,0.1,portaria_DesIn,0.1,,,False,False
85369040,cics_8,tecnologia_nacional,2025-05-02,,CFI ou PPB,0.1,portaria_DesIn,0.1,,,True,True
84233090,cics_8,tecnologia_nacional,2025-05-02,,CFI ou PPB,0.1,portaria_DesIn,0.1,,,True,True
84295212,cics_4,conteudo_nacional,2024-11-11,2024-12-25,CFI,0.1,,,,,False,False
84292010,cics_4,conteudo_nacional,2024-11-11,2024-12-25,CFI,0.1,,,,,False,False
84306919,cics_8,conteudo_nacional,2025-05-02,,CFI,0.1,,,,,True,True
84431110,cics_4,tecnologia_nacional,2024-11-11,2024-12-25,CFI ou PPB,0.1,portaria_DesIn,0.1,,,False,False
84433231,cics_4,tecnologia_nacional,2024-11-11,2024-12-25,CFI ou PPB,0.1,portaria_DesIn,0.1,,,False,False
84433929,cics_4,tecnologia_nacional,2024-11-11,2024-12-25,CFI ou PPB,0.1,portaria_DesIn,0.1,,,False,False
84439941,cics_4,tecnologia_nacional,2024-11-11,2024-12-25,CFI ou PPB,0.1,portaria_DesIn,0.1,,,False,False
84439990,cics_4,tecnologia_nacional,2024-11-11,2024-12-25,CFI ou PPB,0.1,portaria_DesIn,0.1,,,False,False
84713011,cics_8,tecnologia_nacional,2025-05-02,,CFI ou PPB,0.1,portaria_DesIn,0.1,,,True,True
84715030,cics_8,tecnologia_nacional,2025-05-02,,CFI ou PPB,0.1,portaria_DesIn,0.1,,,True,True
84717010,cics_8,tecnologia_nacional,2025-05-02,,CFI ou PPB,0.1,portaria_DesIn,0.1,,,True,True
84733042,cics_8,tecnologia_nacional,2025-05-02,,CFI ou PPB,0.1,portaria_DesIn,0.1,,,True,True
84733049,cics_8,tecnologia_nacional,2025-05-02,,CFI ou PPB,0.1,portaria_DesIn,0.1,,,True,True
84735050,cics_8,tecnologia_nacional,2025-05-02,,CFI ou PPB,0.1,portaria_DesIn,0.1,,,True,True
85176149,cics_4,tecnologia_nacional,2024-11-11,2024-12-25,CFI ou PPB,0.1,portaria_DesIn,0.1,,,False,False
85176251,cics_4,tecnologia_nacional,2024-11-11,2024-12-25,CFI ou PPB,0.1,portaria_DesIn,0.1,,,False,False
85176291,cics_4,tecnologia_nacional,2024-11-11,2024-12-25,CFI ou PPB,0.1,portaria_DesIn,0.1,,,False,False
85312000,cics_4,tecnologia_nacional,2024-11-11,2024-12-25,CFI ou PPB,0.1,portaria_DesIn,0.1,,,False,False
85423110,cics_8,tecnologia_nacional,2025-05-02,,CFI ou PPB,0.1,portaria_DesIn,0.1,,,True,True
85437031,cics_8,tecnologia_nacional,2025-05-02,,CFI ou PPB,0.1,portaria_DesIn,0.1,,,True,True
85437099,cics_8,tecnologia_nacional,2025-05-02,,CFI ou PPB,0.1,portaria_DesIn,0.1,,,True,True
87019510,cics_4,conteudo_nacional,2024-11-11,2024-12-25,CFI,0.1,,,,,False,False
90278999,cics_4,tecnologia_nacional,2024-11-11,2024-12-25,CFI ou PPB,0.1,portaria_DesIn,0.1,,,False,False
90275030,cics_4,tecnologia_nacional,2024-11-11,2024-12-25,CFI ou PPB,0.1,portaria_DesIn,0.1,,,False,False
90279093,cics_4,tecnologia_nacional,2024-11-11,2024-12-25,CFI ou PPB,0.1,portaria_DesIn,0.1,,,False,False
90279010,cics_4,tecnologia_nacional,2024-11-11,2024-12-25,CFI ou PPB,0.1,portaria_DesIn,0.1,,,False,False
90282020,cics_4,tecnologia_nacional,2024-11-11,2024-12-25,CFI ou PPB,0.1,portaria_DesIn,0.1,,,False,False
90283090,cics_4,tecnologia_nacional,2024-11-11,2024-12-25,CFI ou PPB,0.1,portaria_DesIn,0.1,,,False,False
90292020,cics_8,tecnologia_nacional,2025-05-02,,CFI ou PPB,0.1,portaria_DesIn,0.1,,,True,True
90303100,cics_8,tecnologia_nacional,2025-05-02,,CFI ou PPB,0.1,portaria_DesIn,0.1,,,True,True
90302022,cics_8,tecnologia_nacional,2025-05-02,,CFI ou PPB,0.1,portaria_DesIn,0.1,,,True,True
90302030,cics_8,tecnologia_nacional,2025-05-02,,CFI ou PPB,0.1,portaria_DesIn,0.1,,,True,True
90319010,cics_8,tecnologia_nacional,2025-05-02,,CFI ou PPB,0.1,portaria_DesIn,0.1,,,True,True
90319090,cics_8,tecnologia_nacional,2025-05-02,,CFI ou PPB,0.1,portaria_DesIn,0.1,,,True,True
30024122,cics_8,tecnologia_nacional,2025-05-02,,MedNac,0.05,MedIFANac,0.1,,,True,True
30024126,cics_8,tecnologia_nacional,2025-05-02,,MedNac,0.05,MedIFANac,0.1,,,True,True
30024129,cics_4,tecnologia_nacional,2024-11-11,2024-12-25,MedNac,0.05,MedIFANac,0.1,,,False,False
30041014,cics_4,tecnologia_nacional,2024-11-11,2024-12-25,MedNac,0.05,MedIFANac,0.1,,,False,False
30049069,cics_8,tecnologia_nacional,2025-05-02,,MedNac,0.05,MedIFANac,0.1,,,True,True
30049076,cics_8,tecnologia_nacional,2025-05-02,,MedNac,0.05,MedIFANac,0.1,,,True,True
85322410,cics_8,tecnologia_nacional,2025-05-02,,CFI ou PPB,0.1,portaria_DesIn,0.1,,,True,True
85354090,cics_8,conteudo_nacional,2025-05-02,,CFI,0.1,,,,,True,True
84295199,cics_4,conteudo_nacional,2024-11-11,2024-12-25,CFI,0.1,,,,,False,False
84303990,cics_8,conteudo_nacional,2025-05-02,,CFI,0.1,,,,,True,True
84433990,cics_4,tecnologia_nacional,2024-11-11,2024-12-25,CFI ou PPB,0.1,portaria_DesIn,0.1,,,False,False
84439199,cics_4,tecnologia_nacional,2024-11-11,2024-12-25,CFI ou PPB,0.1,portaria_DesIn,0.1,,,False,False
84439929,cics_4,tecnologia_nacional,2024-11-11,2024-12-25,CFI ou PPB,0.1,portaria_DesIn,0.1,,,False,False
84439960,cics_4,tecnologia_nacional,2024-11-11,2024-12-25,CFI ou PPB,0.1,portaria_DesIn,0.1,,,False,False
84717030,cics_8,tecnologia_nacional,2025-05-02,,CFI ou PPB,0.1,portaria_DesIn,0.1,,,True,True
84735010,cics_8,tecnologia_nacional,2025-05-02,,CFI ou PPB,0.1,portaria_DesIn,0.1,,,True,True
85079090,cics_8,tecnologia_nacional,2025-05-02,,CFI ou PPB,0.1,portaria_DesIn,0.1,,,True,True
85078000,cics_8,tecnologia_nacional,2025-05-02,,CFI ou PPB,0.1,portaria_DesIn,0.1,,,True,True
85176256,cics_4,tecnologia_nacional,2024-11-11,2024-12-25,CFI ou PPB,0.1,portaria_DesIn,0.1,,,False,False
85177110,cics_4,tecnologia_nacional,2024-11-11,2024-12-25,CFI ou PPB,0.1,portaria_DesIn,0.1,,,False,False
85414290,cics_4,tecnologia_nacional,2024-11-11,2024-12-25,CFI ou PPB,0.1,portaria_DesIn,0.1,,,False,False
85413029,cics_4,tecnologia_nacional,2024-11-11,2024-12-25,CFI ou PPB,0.1,portaria_DesIn,0.1,,,False,False
85423291,cics_8,tecnologia_nacional,2025-05-02,,CFI ou PPB,0.1,portaria_DesIn,0.1,,,True,True
85429000,cics_8,tecnologia_nacional,2025-05-02,,CFI ou PPB,0.1,portaria_DesIn,0.1,,,True,True
85437011,cics_8,tecnologia_nacional,2025-05-02,,CFI ou PPB,0.1,portaria_DesIn,0.1,,,True,True
85437091,cics_8,tecnologia_nacional,2025-05-02,,CFI ou PPB,0.1,portaria_DesIn,0.1,,,True,True
90278920,cics_4,tecnologia_nacional,2024-11-11,2024-12-25,CFI ou PPB,0.1,portaria_DesIn,0.1,,,False,False
90308290,cics_8,tecnologia_nacional,2025-05-02,,CFI ou PPB,0.1,portaria_DesIn,0.1,,,True,True
90308420,cics_8,tecnologia_nacional,2025-05-02,,CFI ou PPB,0.1,portaria_DesIn,0.1,,,True,True
90304010,cics_8,tecnologia_nacional,2025-05-02,,CFI ou PPB,0.1,portaria_DesIn,0.1,,,True,True
90312090,cics_8,tecnologia_nacional,2025-05-02,,CFI ou PPB,0.1,portaria_DesIn,0.1,,,True,True
90328922,cics_8,tecnologia_nacional,2025-05-02,,CFI ou PPB,0.1,portaria_DesIn,0.1,,,True,True
90328924,cics_8,tecnologia_nacional,2025-05-02,,CFI ou PPB,0.1,portaria_DesIn,0.1,,,True,True
90221991,cics_8,tecnologia_nacional,2025-05-02,,CFI ou PPB,0.1,portaria_DesIn,0.1,,,True,True
90221999,cics_8,tecnologia_nacional,2025-05-02,,CFI ou PPB,0.1,portaria_DesIn,0.1,,,True,True
84295111,cics_8,conteudo_nacional,2025-05-02,,CFI,0.1,,,,,True,True
84295191,cics_8,conteudo_nacional,2025-05-02,,CFI,0.1,,,,,True,True
84433111,cics_8,tecnologia_nacional,2025-05-02,,CFI ou PPB,0.1,portaria_DesIn,0.1,,,True,True
84433251,cics_8,tecnologia_nacional,2025-05-02,,CFI ou PPB,0.1,portaria_DesIn,0.1,,,True,True
84716054,cics_7,tecnologia_nacional,2024-12-26,2025-05-01,CFI ou PPB,0.1,portaria_DesIn,0.1,,,False,False
85171432,cics_8,tecnologia_nacional,2025-05-02,,CFI ou PPB,0.1,portaria_DesIn,0.1,,,True,True
85176241,cics_8,tecnologia_nacional,2025-05-02,,CFI ou PPB,0.1,portaria_DesIn,0.1,,,True,True
85269100,cics_8,tecnologia_nacional,2025-05-02,,CFI ou PPB,0.1,portaria_DesIn,0.1,,,True,True
85412191,cics_8,tecnologia_nacional,2025-05-02,,CFI ou PPB,0.1,portaria_DesIn,0.1,,,True,True
85411012,cics_8,tecnologia_nacional,2025-05-02,,CFI ou PPB,0.1,portaria_DesIn,0.1,,,True,True
85413019,cics_8,tecnologia_nacional,2025-05-02,,CFI ou PPB,0.1,portaria_DesIn,0.1,,,True,True
85419090,cics_8,tecnologia_nacional,2025-05-02,,CFI ou PPB,0.1,portaria_DesIn,0.1,,,True,True
87019200,cics_8,conteudo_nacional,2025-05-02,,CFI,0.1,,,,,True,True
87011000,cics_8,conteudo_nacional,2025-05-02,,CFI,0.1,,,,,True,True
87023000,cics_8,conteudo_nacional,2025-05-02,,CFI,0.1,,,,,True,True
90269020,cics_8,tecnologia_nacional,2025-05-02,,CFI ou PPB,0.1,portaria_DesIn,0.1,,,True,True
90275010,cics_8,tecnologia_nacional,2025-05-02,,CFI ou PPB,0.1,portaria_DesIn,0.1,,,True,True
90283021,cics_8,tecnologia_nacional,2025-05-02,,CFI ou PPB,0.1,portaria_DesIn,0.1,,,True,True
90289090,cics_8,tecnologia_nacional,2025-05-02,,CFI ou PPB,0.1,portaria_DesIn,0.1,,,True,True
90303200,cics_7,tecnologia_nacional,2024-12-26,2025-05-01,CFI ou PPB,0.1,portaria_DesIn,0.1,,,False,False
90314990,cics_7,tecnologia_nacional,2024-12-26,2025-05-01,CFI ou PPB,0.1,portaria_DesIn,0.1,,,False,False
90328929,cics_7,tecnologia_nacional,2024-12-26,2025-05-01,CFI ou PPB,0.1,portaria_DesIn,0.1,,,False,False
30049072,cics_8,tecnologia_nacional,2025-05-02,,MedNac,0.05,MedIFANac,0.1,,,True,True
84799090,cics_8,tecnologia_nacional,2025-05-02,,CFI ou PPB,0.1,portaria_DesIn,0.1,,,True,True
85369040,cics_7,tecnologia_nacional,2024-12-26,2025-05-01,CFI ou PPB,0.1,portaria_DesIn,0.1,,,False,False
84233090,cics_7,tecnologia_nacional,2024-12-26,2025-05-01,CFI ou PPB,0.1,portaria_DesIn,0.1,,,False,False
84295212,cics_8,conteudo_nacional,2025-05-02,,CFI,0.1,,,,,True,True
84292010,cics_8,conteudo_nacional,2025-05-02,,CFI,0.1,,,,,True,True
84306919,cics_7,conteudo_nacional,2024-12-26,2025-05-01,CFI,0.1,,,,,False,False
84431110,cics_8,tecnologia_nacional,2025-05-02,,CFI ou PPB,0.1,portaria_DesIn,0.1,,,True,True
84433231,cics_8,tecnologia_nacional,2025-05-02,,CFI ou PPB,0.1,portaria_DesIn,0.1,,,True,True
84433929,cics_8,tecnologia_nacional,2025-05-02,,CFI ou PPB,0.1,portaria_DesIn,0.1,,,True,True
84439941,cics_8,tecnologia_nacional,2025-05-02,,CFI ou PPB,0.1,portaria_DesIn,0.1,,,True,True
84439990,cics_8,tecnologia_nacional,2025-05-02,,CFI ou PPB,0.1,portaria_DesIn,0.1,,,True,True
84713011,cics_7,tecnologia_nacional,2024-12-26,2025-05-01,CFI ou PPB,0.1,portaria_DesIn,0.1,,,False,False
84715030,cics_7,tecnologia_nacional,2024-12-26,2025-05-01,CFI ou PPB,0.1,portaria_DesIn,0.1,,,False,False
84717010,cics_7,tecnologia_nacional,2024-12-26,2025-05-01,CFI ou PPB,0.1,portaria_DesIn,0.1,,,False,False
84733042,cics_7,tecnologia_nacional,2024-12-26,2025-05-01,CFI ou PPB,0.1,portaria_DesIn,0.1,,,False,False
84733049,cics_7,tecnologia_nacional,2024-12-26,2025-05-01,CFI ou PPB,0.1,portaria_DesIn,0.1,,,False,False
84735050,cics_7,tecnologia_nacional,2024-12-26,2025-05-01,CFI ou PPB,0.1,portaria_DesIn,0.1,,,False,False
85176149,cics_8,tecnologia_nacional,2025-05-02,,CFI ou PPB,0.1,portaria_DesIn,0.1,,,True,True
85176251,cics_8,tecnologia_nacional,2025-05-02,,CFI ou PPB,0.1,portaria_DesIn,0.1,,,True,True
85176291,cics_8,tecnologia_nacional,2025-05-02,,CFI ou PPB,0.1,portaria_DesIn,0.1,,,True,True
85312000,cics_8,tecnologia_nacional,2025-05-02,,CFI ou PPB,0.1,portaria_DesIn,0.1,,,True,True
85423110,cics_7,tecnologia_nacional,2024-12-26,2025-05-01,CFI ou PPB,0.1,portaria_DesIn,0.1,,,False,False
85437031,cics_7,tecnologia_nacional,2024-12-26,2025-05-01,CFI ou PPB,0.1,portaria_DesIn,0.1,,,False,False
85437099,cics_7,tecnologia_nacional,2024-12-26,2025-05-01,CFI ou PPB,0.1,portaria_DesIn,0.1,,,False,False
87019510,cics_8,conteudo_nacional,2025-05-02,,CFI,0.1,,,,,True,True
90278999,cics_8,tecnologia_nacional,2025-05-02,,CFI ou PPB,0.1,portaria_DesIn,0.1,,,True,True
90275030,cics_8,tecnologia_nacional,2025-05-02,,CFI ou PPB,0.1,portaria_DesIn,0.1,,,True,True
90279093,cics_8,tecnologia_nacional,2025-05-02,,CFI ou PPB,0.1,portaria_DesIn,0.1,,,True,True
90279010,cics_8,tecnologia_nacional,2025-05-02,,CFI ou PPB,0.1,portaria_DesIn,0.1,,,True,True
90282020,cics_8,tecnologia_nacional,2025-05-02,,CFI ou PPB,0.1,portaria_DesIn,0.1,,,True,True
90283090,cics_8,tecnologia_nacional,2025-05-02,,CFI ou PPB,0.1,portaria_DesIn,0.1,,,True,True
90292020,cics_7,tecnologia_nacional,2024-12-26,2025-05-01,CFI ou PPB,0.1,portaria_DesIn,0.1,,,False,False
90303100,cics_7,tecnologia_nacional,2024-12-26,2025-05-01,CFI ou PPB,0.1,portaria_DesIn,0.1,,,False,False
90302022,cics_7,tecnologia_nacional,2024-12-26,2025-05-01,CFI ou PPB,0.1,portaria_DesIn,0.1,,,False,False
90302030,cics_7,tecnologia_nacional,2024-12-26,2025-05-01,CFI ou PPB,0.1,portaria_DesIn,0.1,,,False,False
90319010,cics_7,tecnologia_nacional,2024-12-26,2025-05-01,CFI ou PPB,0.1,portaria_DesIn,0.1,,,False,False
90319090,cics_7,tecnologia_nacional,2024-12-26,2025-05-01,CFI ou PPB,0.1,portaria_DesIn,0.1,,,False,False
30024122,cics_7,tecnologia_nacional,2024-12-26,2025-05-01,MedNac,0.05,MedIFANac,0.1,,,False,False
30024126,cics_7,tecnologia_nacional,2024-12-26,2025-05-01,MedNac,0.05,MedIFANac,0.1,,,False,False
30024129,cics_8,tecnologia_nacional,2025-05-02,,MedNac,0.05,MedIFANac,0.1,,,True,True
30041014,cics_8,tecnologia_nacional,2025-05-02,,MedNac,0.05,MedIFANac,0.1,,,True,True
30049069,cics_7,tecnologia_nacional,2024-12-26,2025-05-01,MedNac,0.05,MedIFANac,0.1,,,False,False
30049076,cics_7,tecnologia_nacional,2024-12-26,2025-05-01,MedNac,0.05,MedIFANac,0.1,,,False,False
85322410,cics_7,tecnologia_nacional,2024-12-26,2025-05-01,CFI ou PPB,0.1,portaria_DesIn,0.1,,,False,False
85354090,cics_3,conteudo_nacional,2024-11-10,2024-11-10,CFI,0.1,,,,,False,False
84295199,cics_8,conteudo_nacional,2025-05-02,,CFI,0.1,,,,,True,True
84303990,cics_7,conteudo_nacional,2024-12-26,2025-05-01,CFI,0.1,,,,,False,False
84433990,cics_8,tecnologia_nacional,2025-05-02,,CFI ou PPB,0.1,portaria_DesIn,0.1,,,True,True
84439199,cics_8,tecnologia_nacional,2025-05-02,,CFI ou PPB,0.1,portaria_DesIn,0.1,,,True,True
84439929,cics_8,tecnologia_nacional,2025-05-02,,CFI ou PPB,0.1,portaria_DesIn,0.1,,,True,True
84439960,cics_8,tecnologia_nacional,2025-05-02,,CFI ou PPB,0.1,portaria_DesIn,0.1,,,True,True
84717030,cics_7,tecnologia_nacional,2024-12-26,2025-05-01,CFI ou PPB,0.1,portaria_DesIn,0.1,,,False,False
84735010,cics_7,tecnologia_nacional,2024-12-26,2025-05-01,CFI ou PPB,0.1,portaria_DesIn,0.1,,,False,False
85079090,cics_7,tecnologia_nacional,2024-12-26,2025-05-01,CFI ou PPB,0.1,portaria_DesIn,0.1,,,False,False
85078000,cics_7,tecnologia_nacional,2024-12-26,2025-05-01,CFI ou PPB,0.1,portaria_DesIn,0.1,,,False,False
85176256,cics_8,tecnologia_nacional,2025-05-02,,CFI ou PPB,0.1,portaria_DesIn,0.1,,,True,True
85177110,cics_8,tecnologia_nacional,2025-05-02,,CFI ou PPB,0.1,portaria_DesIn,0.1,,,True,True
85414290,cics_8,tecnologia_nacional,2025-05-02,,CFI ou PPB,0.1,portaria_DesIn,0.1,,,True,True
85413029,cics_8,tecnologia_nacional,2025-05-02,,CFI ou PPB,0.1,portaria_DesIn,0.1,,,True,True
85423291,cics_7,tecnologia_nacional,2024-12-26,2025-05-01,CFI ou PPB,0.1,portaria_DesIn,0.1,,,False,False
85429000,cics_7,tecnologia_nacional,2024-12-26,2025-05-01,CFI ou PPB,0.1,portaria_DesIn,0.1,,,False,False
85437011,cics_7,tecnologia_nacional,2024-12-26,2025-05-01,CFI ou PPB,0.1,portaria_DesIn,0.1,,,False,False
85437091,cics_7,tecnologia_nacional,2024-12-26,2025-05-01,CFI ou PPB,0.1,portaria_DesIn,0.1,,,False,False
90278920,cics_8,tecnologia_nacional,2025-05-02,,CFI ou PPB,0.1,portaria_DesIn,0.1,,,True,True
90308290,cics_7,tecnologia_nacional,2024-12-26,2025-05-01,CFI ou PPB,0.1,portaria_DesIn,0.1,,,False,False
90308420,cics_7,tecnologia_nacional,2024-12-26,2025-05-01,CFI ou PPB,0.1,portaria_DesIn,0.1,,,False,False
90304010,cics_7,tecnologia_nacional,2024-12-26,2025-05-01,CFI ou PPB,0.1,portaria_DesIn,0.1,,,False,False
90312090,cics_7,tecnologia_nacional,2024-12-26,2025-05-01,CFI ou PPB,0.1,portaria_DesIn,0.1,,,False,False
90328922,cics_7,tecnologia_nacional,2024-12-26,2025-05-01,CFI ou PPB,0.1,portaria_DesIn,0.1,,,False,False
90328924,cics_7,tecnologia_nacional,2024-12-26,2025-05-01,CFI ou PPB,0.1,portaria_DesIn,0.1,,,False,False
85354090,cics_7,conteudo_nacional,2024-12-26,2025-05-01,CFI,0.1,,,,,False,False
85044010,cics_4,tecnologia_nacional,2024-11-11,2024-12-25,CFI ou PPB,0.1,portaria_DesIn,0.1,,,False,False
85340013,cics_4,tecnologia_nacional,2024-11-11,2024-12-25,CFI ou PPB,0.1,portaria_DesIn,0.1,,,False,False
85340051,cics_4,tecnologia_nacional,2024-11-11,2024-12-25,CFI ou PPB,0.1,portaria_DesIn,0.1,,,False,False
85340040,cics_4,tecnologia_nacional,2024-11-11,2024-12-25,CFI ou PPB,0.1,portaria_DesIn,0.1,,,False,False
85017100,cics_7,conteudo_nacional,2024-12-26,2025-05-01,CFI-A,0.1,,,,,False,False
91029100,cics_8,tecnologia_nacional,2025-05-02,,CFI ou PPB,0.1,portaria_DesIn,0.1,,,True,True
91031000,cics_8,tecnologia_nacional,2025-05-02,,CFI ou PPB,0.1,portaria_DesIn,0.1,,,True,True
91149000,cics_8,tecnologia_nacional,2025-05-02,,CFI ou PPB,0.1,portaria_DesIn,0.1,,,True,True
85044010,cics_8,tecnologia_nacional,2025-05-02,,CFI ou PPB,0.1,portaria_DesIn,0.1,,,True,True
85340013,cics_8,tecnologia_nacional,2025-05-02,,CFI ou PPB,0.1,portaria_DesIn,0.1,,,True,True
85340051,cics_8,tecnologia_nacional,2025-05-02,,CFI ou PPB,0.1,portaria_DesIn,0.1,,,True,True
85340040,cics_8,tecnologia_nacional,2025-05-02,,CFI ou PPB,0.1,portaria_DesIn,0.1,,,True,True
85017100,cics_4,conteudo_nacional,2024-11-11,2024-12-25,CFI-A,0.1,,,,,False,False
85044010,cics_7,tecnologia_nacional,2024-12-26,2025-05-01,CFI ou PPB,0.1,portaria_DesIn,0.1,,,False,False
85340013,cics_7,tecnologia_nacional,2024-12-26,2025-05-01,CFI ou PPB,0.1,portaria_DesIn,0.1,,,False,False
85340051,cics_7,tecnologia_nacional,2024-12-26,2025-05-01,CFI ou PPB,0.1,portaria_DesIn,0.1,,,False,False
85340040,cics_7,tecnologia_nacional,2024-12-26,2025-05-01,CFI ou PPB,0.1,portaria_DesIn,0.1,,,False,False
85017100,cics_8,conteudo_nacional,2025-05-02,,CFI-A,0.1,,,,,True,True
84798290,cics_4,conteudo_nacional,2024-11-11,2024-12-25,CFI,0.1,,,,,False,False
85044040,cics_4,tecnologia_nacional,2024-11-11,2024-12-25,CFI ou PPB,0.1,portaria_DesIn,0.1,,,False,False
85049040,cics_4,tecnologia_nacional,2024-11-11,2024-12-25,CFI ou PPB,0.1,portaria_DesIn,0.1,,,False,False
85340032,cics_4,tecnologia_nacional,2024-11-11,2024-12-25,CFI ou PPB,0.1,portaria_DesIn,0.1,,,False,False
85322111,cics_4,tecnologia_nacional,2024-11-11,2024-12-25,CFI ou PPB,0.1,portaria_DesIn,0.1,,,False,False
84301000,cics_4,conteudo_nacional,2024-11-11,2024-12-25,CFI,0.1,,,,,False,False
91021110,cics_8,tecnologia_nacional,2025-05-02,,CFI ou PPB,0.1,portaria_DesIn,0.1,,,True,True
91099000,cics_8,tecnologia_nacional,2025-05-02,,CFI ou PPB,0.1,portaria_DesIn,0.1,,,True,True
91101190,cics_8,tecnologia_nacional,2025-05-02,,CFI ou PPB,0.1,portaria_DesIn,0.1,,,True,True
91101900,cics_8,tecnologia_nacional,2025-05-02,,CFI ou PPB,0.1,portaria_DesIn,0.1,,,True,True
91122000,cics_8,tecnologia_nacional,2025-05-02,,CFI ou PPB,0.1,portaria_DesIn,0.1,,,True,True
91070090,cics_8,tecnologia_nacional,2025-05-02,,CFI ou PPB,0.1,portaria_DesIn,0.1,,,True,True
84798290,cics_8,conteudo_nacional,2025-05-02,,CFI,0.1,,,,,True,True
85044040,cics_8,tecnologia_nacional,2025-05-02,,CFI ou PPB,0.1,portaria_DesIn,0.1,,,True,True
85049040,cics_8,tecnologia_nacional,2025-05-02,,CFI ou PPB,0.1,portaria_DesIn,0.1,,,True,True
85340032,cics_8,tecnologia_nacional,2025-05-02,,CFI ou PPB,0.1,portaria_DesIn,0.1,,,True,True
85322111,cics_8,tecnologia_nacional,2025-05-02,,CFI ou PPB,0.1,portaria_DesIn,0.1,,,True,True
84301000,cics_8,conteudo_nacional,2025-05-02,,CFI,0.1,,,,,True,True
84798290,cics_7,conteudo_nacional,2024-12-26,2025-05-01,CFI,0.1,,,,,False,False
85044040,cics_7,tecnologia_nacional,2024-12-26,2025-05-01,CFI ou PPB,0.1,portaria_DesIn,0.1,,,False,False
85049040,cics_7,tecnologia_nacional,2024-12-26,2025-05-01,CFI ou PPB,0.1,portaria_DesIn,0.1,,,False,False
85340032,cics_7,tecnologia_nacional,2024-12-26,2025-05-01,CFI ou PPB,0.1,portaria_DesIn,0.1,,,False,False
85322111,cics_7,tecnologia_nacional,2024-12-26,2025-05-01,CFI ou PPB,0.1,portaria_DesIn,0.1,,,False,False
84301000,cics_7,conteudo_nacional,2024-12-26,2025-05-01,CFI,0.1,,,,,False,False
85363010,cics_7,tecnologia_nacional,2024-12-26,2025-05-01,CFI ou PPB,0.1,portaria_DesIn,0.1,,,False,False
85340031,cics_4,tecnologia_nacional,2024-11-11,2024-12-25,CFI ou PPB,0.1,portaria_DesIn,0.1,,,False,False
84702100,cics_4,tecnologia_nacional,2024-11-11,2024-12-25,CFI ou PPB,0.1,portaria_DesIn,0.1,,,False,False
84702900,cics_4,tecnologia_nacional,2024-11-11,2024-12-25,CFI ou PPB,0.1,portaria_DesIn,0.1,,,False,False
91069000,cics_8,tecnologia_nacional,2025-05-02,,CFI ou PPB,0.1,portaria_DesIn,0.1,,,True,True
85363010,cics_4,tecnologia_nacional,2024-11-11,2024-12-25,CFI ou PPB,0.1,portaria_DesIn,0.1,,,False,False
85340031,cics_8,tecnologia_nacional,2025-05-02,,CFI ou PPB,0.1,portaria_DesIn,0.1,,,True,True
84702100,cics_8,tecnologia_nacional,2025-05-02,,CFI ou PPB,0.1,portaria_DesIn,0.1,,,True,True
84702900,cics_8,tecnologia_nacional,2025-05-02,,CFI ou PPB,0.1,portaria_DesIn,0.1,,,True,True
85363010,cics_8,tecnologia_nacional,2025-05-02,,CFI ou PPB,0.1,portaria_DesIn,0.1,,,True,True
85340031,cics_7,tecnologia_nacional,2024-12-26,2025-05-01,CFI ou PPB,0.1,portaria_DesIn,0.1,,,False,False
84702100,cics_7,tecnologia_nacional,2024-12-26,2025-05-01,CFI ou PPB,0.1,portaria_DesIn,0.1,,,False,False
84702900,cics_7,tecnologia_nacional,2024-12-26,2025-05-01,CFI ou PPB,0.1,portaria_DesIn,0.1,,,False,False
30021219,cics_4,tecnologia_nacional,2024-11-11,2024-12-25,MedNac,0.05,MedIFANac,0.1,,,False,False
30043290,cics_4,tecnologia_nacional,2024-11-11,2024-12-25,MedNac,0.05,MedIFANac,0.1,,,False,False
30041012,cics_4,tecnologia_nacional,2024-11-11,2024-12-25,MedNac,0.05,MedIFANac,0.1,,,False,False
30049068,cics_4,tecnologia_nacional,2024-11-11,2024-12-25,MedNac,0.05,MedIFANac,0.1,,,False,False
84292090,cics_3,conteudo_nacional,2024-11-10,2024-11-10,CFI,0.1,,,,,True,False
84303190,cics_3,conteudo_nacional,2024-11-10,2024-11-10,CFI,0.1,,,,,True,False
84798210,cics_3,conteudo_nacional,2024-11-10,2024-11-10,CFI,0.1,,,,,True,False
85013220,cics_7,conteudo_nacional,2024-12-26,2025-05-01,CFI-A,0.1,,,,,False,False
85371090,cics_4,tecnologia_nacional,2024-11-11,2024-12-25,CFI ou PPB,0.1,portaria_DesIn,0.1,,,False,False
87012200,cics_3,conteudo_nacional,2024-11-10,2024-11-10,CFI,0.1,,,,,True,False
87019300,cics_3,conteudo_nacional,2024-11-10,2024-11-10,CFI,0.1,,,,,True,False
87060090,cics_1,conteudo_nacional,2024-09-01,2024-11-09,CFI,0.1,,,,,False,False
30021219,cics_8,tecnologia_nacional,2025-05-02,,MedNac,0.05,MedIFANac,0.1,,,True,True
30043290,cics_8,tecnologia_nacional,2025-05-02,,MedNac,0.05,MedIFANac,0.1,,,True,True
30041012,cics_8,tecnologia_nacional,2025-05-02,,MedNac,0.05,MedIFANac,0.1,,,True,True
30049068,cics_8,tecnologia_nacional,2025-05-02,,MedNac,0.05,MedIFANac,0.1,,,True,True
85013220,cics_3,conteudo_nacional,2024-11-10,2024-11-10,CFI-A,0.1,,,,,False,False
85371090,cics_8,tecnologia_nacional,2025-05-02,,CFI ou PPB,0.1,portaria_DesIn,0.1,,,True,True
87060090,cics_4,conteudo_nacional,2024-11-11,2024-12-25,CFI,0.1,,,,,False,False
30021219,cics_7,tecnologia_nacional,2024-12-26,2025-05-01,MedNac,0.05,MedIFANac,0.1,,,False,False
30043290,cics_7,tecnologia_nacional,2024-12-26,2025-05-01,MedNac,0.05,MedIFANac,0.1,,,False,False
30041012,cics_7,tecnologia_nacional,2024-12-26,2025-05-01,MedNac,0.05,MedIFANac,0.1,,,False,False
30049068,cics_7,tecnologia_nacional,2024-12-26,2025-05-01,MedNac,0.05,MedIFANac,0.1,,,False,False
85013220,cics_4,conteudo_nacional,2024-11-11,2024-12-25,CFI-A,0.1,,,,,False,False
85371090,cics_7,tecnologia_nacional,2024-12-26,2025-05-01,CFI ou PPB,0.1,portaria_DesIn,0.1,,,False,False
87060090,cics_8,conteudo_nacional,2025-05-02,,CFI,0.1,,,,,True,True
85013220,cics_8,conteudo_nacional,2025-05-02,,CFI-A,0.1,,,,,True,True
85371090,cics_3,conteudo_nacional,2024-11-10,2024-11-10,CFI,0.1,,,,,False,False
87060090,cics_7,conteudo_nacional,2024-12-26,2025-05-01,CFI,0.1,,,,,False,False
91101110,cics_8,tecnologia_nacional,2025-05-02,,CFI ou PPB,0.1,portaria_DesIn,0.1,,,True,True
91119010,cics_8,tecnologia_nacional,2025-05-02,,CFI ou PPB,0.1,portaria_DesIn,0.1,,,True,True
91132000,cics_8,tecnologia_nacional,2025-05-02,,CFI ou PPB,0.1,portaria_DesIn,0.1,,,True,True
84729059,cics_4,tecnologia_nacional,2024-11-11,2024-12-25,CFI ou PPB,0.1,portaria_DesIn,0.1,,,False,False
85256090,cics_7,tecnologia_nacional,2024-12-26,2025-05-01,CFI ou PPB,0.1,portaria_DesIn,0.1,,,True,False
85017210,cics_7,conteudo_nacional,2024-12-26,2025-05-01,CFI-A,0.1,,,,,False,False
84232000,cics_4,tecnologia_nacional,2024-11-11,2024-12-25,CFI ou PPB,0.1,portaria_DesIn,0.1,,,False,False
84304920,cics_4,conteudo_nacional,2024-11-11,2024-12-25,CFI,0.1,,,,,False,False
84305000,cics_4,conteudo_nacional,2024-11-11,2024-12-25,CFI,0.1,,,,,False,False
84433113,cics_7,tecnologia_nacional,2024-12-26,2025-05-01,CFI ou PPB,0.1,portaria_DesIn,0.1,,,False,False
84439191,cics_7,tecnologia_nacional,2024-12-26,2025-05-01,CFI ou PPB,0.1,portaria_DesIn,0.1,,,False,False
84439911,cics_7,tecnologia_nacional,2024-12-26,2025-05-01,CFI ou PPB,0.1,portaria_DesIn,0.1,,,False,False
84439921,cics_7,tecnologia_nacional,2024-12-26,2025-05-01,CFI ou PPB,0.1,portaria_DesIn,0.1,,,False,False
84729059,cics_8,tecnologia_nacional,2025-05-02,,CFI ou PPB,0.1,portaria_DesIn,0.1,,,True,True
85256090,cics_4,tecnologia_nacional,2024-11-11,2024-12-25,CFI ou PPB,0.1,portaria_DesIn,0.1,,,False,False
85017210,cics_4,conteudo_nacional,2024-11-11,2024-12-25,CFI-A,0.1,,,,,False,False
84232000,cics_8,tecnologia_nacional,2025-05-02,,CFI ou PPB,0.1,portaria_DesIn,0.1,,,True,True
84304920,cics_8,conteudo_nacional,2025-05-02,,CFI,0.1,,,,,True,True
84305000,cics_8,conteudo_nacional,2025-05-02,,CFI,0.1,,,,,True,True
84433113,cics_4,tecnologia_nacional,2024-11-11,2024-12-25,CFI ou PPB,0.1,portaria_DesIn,0.1,,,False,False
84439191,cics_4,tecnologia_nacional,2024-11-11,2024-12-25,CFI ou PPB,0.1,portaria_DesIn,0.1,,,False,False
84439911,cics_4,tecnologia_nacional,2024-11-11,2024-12-25,CFI ou PPB,0.1,portaria_DesIn,0.1,,,False,False
84439921,cics_4,tecnologia_nacional,2024-11-11,2024-12-25,CFI ou PPB,0.1,portaria_DesIn,0.1,,,False,False
84729059,cics_7,tecnologia_nacional,2024-12-26,2025-05-01,CFI ou PPB,0.1,portaria_DesIn,0.1,,,False,False
85017210,cics_8,conteudo_nacional,2025-05-02,,CFI-A,0.1,,,,,True,True
84232000,cics_7,tecnologia_nacional,2024-12-26,2025-05-01,CFI ou PPB,0.1,portaria_DesIn,0.1,,,False,False
84304920,cics_7,conteudo_nacional,2024-12-26,2025-05-01,CFI,0.1,,,,,False,False
84305000,cics_7,conteudo_nacional,2024-12-26,2025-05-01,CFI,0.1,,,,,False,False
84433113,cics_8,tecnologia_nacional,2025-05-02,,CFI ou PPB,0.1,portaria_DesIn,0.1,,,True,True
84439191,cics_8,tecnologia_nacional,2025-05-02,,CFI ou PPB,0.1,portaria_DesIn,0.1,,,True,True
84439911,cics_8,tecnologia_nacional,2025-05-02,,CFI ou PPB,0.1,portaria_DesIn,0.1,,,True,True
84439921,cics_8,tecnologia_nacional,2025-05-02,,CFI ou PPB,0.1,portaria_DesIn,0.1,,,True,True
91051100,cics_8,tecnologia_nacional,2025-05-02,,CFI ou PPB,0.1,portaria_DesIn,0.1,,,True,True
91052900,cics_8,tecnologia_nacional,2025-05-02,,CFI ou PPB,0.1,portaria_DesIn,0.1,,,True,True
91061000,cics_8,tecnologia_nacional,2025-05-02,,CFI ou PPB,0.1,portaria_DesIn,0.1,,,True,True
91091000,cics_8,tecnologia_nacional,2025-05-02,,CFI ou PPB,0.1,portaria_DesIn,0.1,,,True,True
84729051,cics_4,tecnologia_nacional,2024-11-11,2024-12-25,CFI ou PPB,0.1,portaria_DesIn,0.1,,,False,False
85049030,cics_4,tecnologia_nacional,2024-11-11,2024-12-25,CFI ou PPB,0.1,portaria_DesIn,0.1,,,False,False
85299020,cics_7,tecnologia_nacional,2024-12-26,2025-05-01,CFI ou PPB,0.1,portaria_DesIn,0.1,,,True,False
85299040,cics_7,tecnologia_nacional,2024-12-26,2025-05-01,CFI ou PPB,0.1,portaria_DesIn,0.1,,,True,False
90011019,cics_4,tecnologia_nacional,2024-11-11,2024-12-25,CFI ou PPB,0.1,portaria_DesIn,0.1,,,False,False
85235290,cics_7,tecnologia_nacional,2024-12-26,2025-05-01,CFI ou PPB,0.1,portaria_DesIn,0.1,,,True,False
84233011,cics_4,tecnologia_nacional,2024-11-11,2024-12-25,CFI ou PPB,0.1,portaria_DesIn,0.1,,,False,False
84291910,cics_7,conteudo_nacional,2024-12-26,2025-05-01,CFI,0.1,,,,,False,False
84291990,cics_7,conteudo_nacional,2024-12-26,2025-05-01,CFI,0.1,,,,,False,False
84295290,cics_7,conteudo_nacional,2024-12-26,2025-05-01,CFI,0.1,,,,,False,False
84433112,cics_7,tecnologia_nacional,2024-12-26,2025-05-01,CFI ou PPB,0.1,portaria_DesIn,0.1,,,False,False
84433116,cics_7,tecnologia_nacional,2024-12-26,2025-05-01,CFI ou PPB,0.1,portaria_DesIn,0.1,,,False,False
84439192,cics_7,tecnologia_nacional,2024-12-26,2025-05-01,CFI ou PPB,0.1,portaria_DesIn,0.1,,,False,False
84439931,cics_7,tecnologia_nacional,2024-12-26,2025-05-01,CFI ou PPB,0.1,portaria_DesIn,0.1,,,False,False
84439949,cics_7,tecnologia_nacional,2024-12-26,2025-05-01,CFI ou PPB,0.1,portaria_DesIn,0.1,,,False,False
84729051,cics_8,tecnologia_nacional,2025-05-02,,CFI ou PPB,0.1,portaria_DesIn,0.1,,,True,True
85049030,cics_8,tecnologia_nacional,2025-05-02,,CFI ou PPB,0.1,portaria_DesIn,0.1,,,True,True
85299020,cics_4,tecnologia_nacional,2024-11-11,2024-12-25,CFI ou PPB,0.1,portaria_DesIn,0.1,,,False,False
85299040,cics_4,tecnologia_nacional,2024-11-11,2024-12-25,CFI ou PPB,0.1,portaria_DesIn,0.1,,,False,False
90011019,cics_8,tecnologia_nacional,2025-05-02,,CFI ou PPB,0.1,portaria_DesIn,0.1,,,True,True
85235290,cics_4,tecnologia_nacional,2024-11-11,2024-12-25,CFI ou PPB,0.1,portaria_DesIn,0.1,,,False,False
84233011,cics_8,tecnologia_nacional,2025-05-02,,CFI ou PPB,0.1,portaria_DesIn,0.1,,,True,True
84291910,cics_4,conteudo_nacional,2024-11-11,2024-12-25,CFI,0.1,,,,,False,False
84291990,cics_4,conteudo_nacional,2024-11-11,2024-12-25,CFI,0.1,,,,,False,False
84295290,cics_4,conteudo_nacional,2024-11-11,2024-12-25,CFI,0.1,,,,,False,False
84433112,cics_4,tecnologia_nacional,2024-11-11,2024-12-25,CFI ou PPB,0.1,portaria_DesIn,0.1,,,False,False
84433116,cics_4,tecnologia_nacional,2024-11-11,2024-12-25,CFI ou PPB,0.1,portaria_DesIn,0.1,,,False,False
84439192,cics_4,tecnologia_nacional,2024-11-11,2024-12-25,CFI ou PPB,0.1,portaria_DesIn,0.1,,,False,False
84439931,cics_4,tecnologia_nacional,2024-11-11,2024-12-25,CFI ou PPB,0.1,portaria_DesIn,0.1,,,False,False
84439949,cics_4,tecnologia_nacional,2024-11-11,2024-12-25,CFI ou PPB,0.1,portaria_DesIn,0.1,,,False,False
84729051,cics_7,tecnologia_nacional,2024-12-26,2025-05-01,CFI ou PPB,0.1,portaria_DesIn,0.1,,,False,False
85049030,cics_7,tecnologia_nacional,2024-12-26,2025-05-01,CFI ou PPB,0.1,portaria_DesIn,0.1,,,False,False
90011019,cics_7,tecnologia_nacional,2024-12-26,2025-05-01,CFI ou PPB,0.1,portaria_DesIn,0.1,,,False,False
84233011,cics_7,tecnologia_nacional,2024-12-26,2025-05-01,CFI ou PPB,0.1,portaria_DesIn,0.1,,,False,False
84291910,cics_8,conteudo_nacional,2025-05-02,,CFI,0.1,,,,,True,True
84291990,cics_8,conteudo_nacional,2025-05-02,,CFI,0.1,,,,,True,True
84295290,cics_8,conteudo_nacional,2025-05-02,,CFI,0.1,,,,,True,True
84433112,cics_8,tecnologia_nacional,2025-05-02,,CFI ou PPB,0.1,portaria_DesIn,0.1,,,True,True
84433116,cics_8,tecnologia_nacional,2025-05-02,,CFI ou PPB,0.1,portaria_DesIn,0.1,,,True,True
84439192,cics_8,tecnologia_nacional,2025-05-02,,CFI ou PPB,0.1,portaria_DesIn,0.1,,,True,True
84439931,cics_8,tecnologia_nacional,2025-05-02,,CFI ou PPB,0.1,portaria_DesIn,0.1,,,True,True
84439949,cics_8,tecnologia_nacional,2025-05-02,,CFI ou PPB,0.1,portaria_DesIn,0.1,,,True,True
91021290,cics_8,tecnologia_nacional,2025-05-02,,CFI ou PPB,0.1,portaria_DesIn,0.1,,,True,True
91021900,cics_8,tecnologia_nacional,2025-05-02,,CFI ou PPB,0.1,portaria_DesIn,0.1,,,True,True
91022100,cics_8,tecnologia_nacional,2025-05-02,,CFI ou PPB,0.1,portaria_DesIn,0.1,,,True,True
91059900,cics_8,tecnologia_nacional,2025-05-02,,CFI ou PPB,0.1,portaria_DesIn,0.1,,,True,True
91081200,cics_8,tecnologia_nacional,2025-05-02,,CFI ou PPB,0.1,portaria_DesIn,0.1,,,True,True
91118000,cics_8,tecnologia_nacional,2025-05-02,,CFI ou PPB,0.1,portaria_DesIn,0.1,,,True,True
91129000,cics_8,tecnologia_nacional,2025-05-02,,CFI ou PPB,0.1,portaria_DesIn,0.1,,,True,True
85044060,cics_4,tecnologia_nacional,2024-11-11,2024-12-25,CFI ou PPB,0.1,portaria_DesIn,0.1,,,False,False
85255029,cics_7,tecnologia_nacional,2024-12-26,2025-05-01,CFI ou PPB,0.1,portaria_DesIn,0.1,,,True,False
85256020,cics_7,tecnologia_nacional,2024-12-26,2025-05-01,CFI ou PPB,0.1,portaria_DesIn,0.1,,,True,False
85340039,cics_4,tecnologia_nacional,2024-11-11,2024-12-25,CFI ou PPB,0.1,portaria_DesIn,0.1,,,False,False
86040010,cics_7,conteudo_nacional,2024-12-26,2025-05-01,CFI,0.1,,,,,False,False
85011019,cics_7,tecnologia_nacional,2024-12-26,2025-05-01,CFI ou PPB,0.1,portaria_DesIn,0.1,,,False,False
86069200,cics_4,conteudo_nacional,2024-11-11,2024-12-25,CFI,0.1,,,,,False,False
85044060,cics_8,tecnologia_nacional,2025-05-02,,CFI ou PPB,0.1,portaria_DesIn,0.1,,,True,True
85255029,cics_4,tecnologia_nacional,2024-11-11,2024-12-25,CFI ou PPB,0.1,portaria_DesIn,0.1,,,False,False
85256020,cics_4,tecnologia_nacional,2024-11-11,2024-12-25,CFI ou PPB,0.1,portaria_DesIn,0.1,,,False,False
85340039,cics_8,tecnologia_nacional,2025-05-02,,CFI ou PPB,0.1,portaria_DesIn,0.1,,,True,True
86040010,cics_4,conteudo_nacional,2024-11-11,2024-12-25,CFI,0.1,,,,,False,False
85011019,cics_4,tecnologia_nacional,2024-11-11,2024-12-25,CFI ou PPB,0.1,portaria_DesIn,0.1,,,False,False
86069200,cics_8,conteudo_nacional,2025-05-02,,CFI,0.1,,,,,True,True
85044060,cics_7,tecnologia_nacional,2024-12-26,2025-05-01,CFI ou PPB,0.1,portaria_DesIn,0.1,,,False,False
85340039,cics_7,tecnologia_nacional,2024-12-26,2025-05-01,CFI ou PPB,0.1,portaria_DesIn,0.1,,,False,False
86040010,cics_8,conteudo_nacional,2025-05-02,,CFI,0.1,,,,,True,True
85011019,cics_8,tecnologia_nacional,2025-05-02,,CFI ou PPB,0.1,portaria_DesIn,0.1,,,True,True
86069200,cics_7,conteudo_nacional,2024-12-26,2025-05-01,CFI,0.1,,,,,False,False
84729091,cics_4,tecnologia_nacional,2024-11-11,2024-12-25,CFI ou PPB,0.1,portaria_DesIn,0.1,,,False,False
85049020,cics_4,tecnologia_nacional,2024-11-11,2024-12-25,CFI ou PPB,0.1,portaria_DesIn,0.1,,,False,False
85255019,cics_7,tecnologia_nacional,2024-12-26,2025-05-01,CFI ou PPB,0.1,portaria_DesIn,0.1,,,True,False
85299050,cics_7,tecnologia_nacional,2024-12-26,2025-05-01,CFI ou PPB,0.1,portaria_DesIn,0.1,,,True,False
85340059,cics_4,tecnologia_nacional,2024-11-11,2024-12-25,CFI ou PPB,0.1,portaria_DesIn,0.1,,,False,False
85340020,cics_4,tecnologia_nacional,2024-11-11,2024-12-25,CFI ou PPB,0.1,portaria_DesIn,0.1,,,False,False
86050090,cics_7,conteudo_nacional,2024-12-26,2025-05-01,CFI,0.1,,,,,False,False
85322119,cics_4,tecnologia_nacional,2024-11-11,2024-12-25,CFI ou PPB,0.1,portaria_DesIn,0.1,,,False,False
85017290,cics_7,conteudo_nacional,2024-12-26,2025-05-01,CFI-A,0.1,,,,,False,False
84729091,cics_8,tecnologia_nacional,2025-05-02,,CFI ou PPB,0.1,portaria_DesIn,0.1,,,True,True
85049020,cics_8,tecnologia_nacional,2025-05-02,,CFI ou PPB,0.1,portaria_DesIn,0.1,,,True,True
85255019,cics_4,tecnologia_nacional,2024-11-11,2024-12-25,CFI ou PPB,0.1,portaria_DesIn,0.1,,,False,False
85299050,cics_4,tecnologia_nacional,2024-11-11,2024-12-25,CFI ou PPB,0.1,portaria_DesIn,0.1,,,False,False
85340059,cics_8,tecnologia_nacional,2025-05-02,,CFI ou PPB,0.1,portaria_DesIn,0.1,,,True,True
85340020,cics_8,tecnologia_nacional,2025-05-02,,CFI ou PPB,0.1,portaria_DesIn,0.1,,,True,True
86050090,cics_4,conteudo_nacional,2024-11-11,2024-12-25,CFI,0.1,,,,,False,False
85322119,cics_8,tecnologia_nacional,2025-05-02,,CFI ou PPB,0.1,portaria_DesIn,0.1,,,True,True
85017290,cics_4,conteudo_nacional,2024-11-11,2024-12-25,CFI-A,0.1,,,,,False,False
84729091,cics_7,tecnologia_nacional,2024-12-26,2025-05-01,CFI ou PPB,0.1,portaria_DesIn,0.1,,,False,False
85049020,cics_7,tecnologia_nacional,2024-12-26,2025-05-01,CFI ou PPB,0.1,portaria_DesIn,0.1,,,False,False
85340059,cics_7,tecnologia_nacional,2024-12-26,2025-05-01,CFI ou PPB,0.1,portaria_DesIn,0.1,,,False,False
85340020,cics_7,tecnologia_nacional,2024-12-26,2025-05-01,CFI ou PPB,0.1,portaria_DesIn,0.1,,,False,False
86050090,cics_8,conteudo_nacional,2025-05-02,,CFI,0.1,,,,,True,True
85322119,cics_7,tecnologia_nacional,2024-12-26,2025-05-01,CFI ou PPB,0.1,portaria_DesIn,0.1,,,False,False
85017290,cics_8,conteudo_nacional,2025-05-02,,CFI-A,0.1,,,,,True,True
91052100,cics_8,tecnologia_nacional,2025-05-02,,CFI ou PPB,0.1,portaria_DesIn,0.1,,,True,True
85255011,cics_7,tecnologia_nacional,2024-12-26,2025-05-01,CFI ou PPB,0.1,portaria_DesIn,0.1,,,True,False
85255021,cics_7,tecnologia_nacional,2024-12-26,2025-05-01,CFI ou PPB,0.1,portaria_DesIn,0.1,,,True,False
85340012,cics_4,tecnologia_nacional,2024-11-11,2024-12-25,CFI ou PPB,0.1,portaria_DesIn,0.1,,,False,False
85340019,cics_4,tecnologia_nacional,2024-11-11,2024-12-25,CFI ou PPB,0.1,portaria_DesIn,0.1,,,False,False
85340033,cics_4,tecnologia_nacional,2024-11-11,2024-12-25,CFI ou PPB,0.1,portaria_DesIn,0.1,,,False,False
86040090,cics_7,conteudo_nacional,2024-12-26,2025-05-01,CFI,0.1,,,,,False,False
85235210,cics_7,tecnologia_nacional,2024-12-26,2025-05-01,CFI ou PPB,0.1,portaria_DesIn,0.1,,,True,False
85255011,cics_4,tecnologia_nacional,2024-11-11,2024-12-25,CFI ou PPB,0.1,portaria_DesIn,0.1,,,False,False
85255021,cics_4,tecnologia_nacional,2024-11-11,2024-12-25,CFI ou PPB,0.1,portaria_DesIn,0.1,,,False,False
85340012,cics_8,tecnologia_nacional,2025-05-02,,CFI ou PPB,0.1,portaria_DesIn,0.1,,,True,True
85340019,cics_8,tecnologia_nacional,2025-05-02,,CFI ou PPB,0.1,portaria_DesIn,0.1,,,True,True
85340033,cics_8,tecnologia_nacional,2025-05-02,,CFI ou PPB,0.1,portaria_DesIn,0.1,,,True,True
86040090,cics_4,conteudo_nacional,2024-11-11,2024-12-25,CFI,0.1,,,,,False,False
85235210,cics_4,tecnologia_nacional,2024-11-11,2024-12-25,CFI ou PPB,0.1,portaria_DesIn,0.1,,,False,False
85340012,cics_7,tecnologia_nacional,2024-12-26,2025-05-01,CFI ou PPB,0.1,portaria_DesIn,0.1,,,False,False
85340019,cics_7,tecnologia_nacional,2024-12-26,2025-05-01,CFI ou PPB,0.1,portaria_DesIn,0.1,,,False,False
85340033,cics_7,tecnologia_nacional,2024-12-26,2025-05-01,CFI ou PPB,0.1,portaria_DesIn,0.1,,,False,False
86040090,cics_8,conteudo_nacional,2025-05-02,,CFI,0.1,,,,,True,True
91021210,cics_8,tecnologia_nacional,2025-05-02,,CFI ou PPB,0.1,portaria_DesIn,0.1,,,True,True
91021220,cics_8,tecnologia_nacional,2025-05-02,,CFI ou PPB,0.1,portaria_DesIn,0.1,,,True,True
91131000,cics_8,tecnologia_nacional,2025-05-02,,CFI ou PPB,0.1,portaria_DesIn,0.1,,,True,True
91143000,cics_8,tecnologia_nacional,2025-05-02,,CFI ou PPB,0.1,portaria_DesIn,0.1,,,True,True
85049010,cics_4,tecnologia_nacional,2024-11-11,2024-12-25,CFI ou PPB,0.1,portaria_DesIn,0.1,,,False,False
85291020,cics_7,tecnologia_nacional,2024-12-26,2025-05-01,CFI ou PPB,0.1,portaria_DesIn,0.1,,,True,False
85363090,cics_7,tecnologia_nacional,2024-12-26,2025-05-01,CFI ou PPB,0.1,portaria_DesIn,0.1,,,False,False
85235110,cics_7,tecnologia_nacional,2024-12-26,2025-05-01,CFI ou PPB,0.1,portaria_DesIn,0.1,,,True,False
85049010,cics_8,tecnologia_nacional,2025-05-02,,CFI ou PPB,0.1,portaria_DesIn,0.1,,,True,True
85291020,cics_4,tecnologia_nacional,2024-11-11,2024-12-25,CFI ou PPB,0.1,portaria_DesIn,0.1,,,False,False
85363090,cics_4,tecnologia_nacional,2024-11-11,2024-12-25,CFI ou PPB,0.1,portaria_DesIn,0.1,,,False,False
85235110,cics_4,tecnologia_nacional,2024-11-11,2024-12-25,CFI ou PPB,0.1,portaria_DesIn,0.1,,,False,False
85049010,cics_7,tecnologia_nacional,2024-12-26,2025-05-01,CFI ou PPB,0.1,portaria_DesIn,0.1,,,False,False
85363090,cics_8,tecnologia_nacional,2025-05-02,,CFI ou PPB,0.1,portaria_DesIn,0.1,,,True,True
91011900,cics_8,tecnologia_nacional,2025-05-02,,CFI ou PPB,0.1,portaria_DesIn,0.1,,,True,True
91029900,cics_8,tecnologia_nacional,2025-05-02,,CFI ou PPB,0.1,portaria_DesIn,0.1,,,True,True
91059100,cics_8,tecnologia_nacional,2025-05-02,,CFI ou PPB,0.1,portaria_DesIn,0.1,,,True,True
91144000,cics_8,tecnologia_nacional,2025-05-02,,CFI ou PPB,0.1,portaria_DesIn,0.1,,,True,True
30021510,cics_4,tecnologia_nacional,2024-11-11,2024-12-25,MedNac,0.05,MedIFANac,0.1,,,False,False
30021520,cics_4,tecnologia_nacional,2024-11-11,2024-12-25,MedNac,0.05,MedIFANac,0.1,,,False,False
84791090,cics_7,conteudo_nacional,2024-12-26,2025-05-01,CFI,0.1,,,,,False,False
85255022,cics_7,tecnologia_nacional,2024-12-26,2025-05-01,CFI ou PPB,0.1,portaria_DesIn,0.1,,,True,False
85255024,cics_7,tecnologia_nacional,2024-12-26,2025-05-01,CFI ou PPB,0.1,portaria_DesIn,0.1,,,True,False
85299012,cics_7,tecnologia_nacional,2024-12-26,2025-05-01,CFI ou PPB,0.1,portaria_DesIn,0.1,,,True,False
85447030,cics_4,tecnologia_nacional,2024-11-11,2024-12-25,CFI ou PPB,0.1,portaria_DesIn,0.1,,,False,False
85447090,cics_4,tecnologia_nacional,2024-11-11,2024-12-25,CFI ou PPB,0.1,portaria_DesIn,0.1,,,False,False
85235190,cics_7,tecnologia_nacional,2024-12-26,2025-05-01,CFI ou PPB,0.1,portaria_DesIn,0.1,,,True,False
86069900,cics_4,conteudo_nacional,2024-11-11,2024-12-25,CFI,0.1,,,,,False,False
30021510,cics_8,tecnologia_nacional,2025-05-02,,MedNac,0.05,MedIFANac,0.1,,,True,True
30021520,cics_8,tecnologia_nacional,2025-05-02,,MedNac,0.05,MedIFANac,0.1,,,True,True
84791090,cics_4,conteudo_nacional,2024-11-11,2024-12-25,CFI,0.1,,,,,False,False
85255022,cics_4,tecnologia_nacional,2024-11-11,2024-12-25,CFI ou PPB,0.1,portaria_DesIn,0.1,,,False,False
85255024,cics_4,tecnologia_nacional,2024-11-11,2024-12-25,CFI ou PPB,0.1,portaria_DesIn,0.1,,,False,False
85299012,cics_4,tecnologia_nacional,2024-11-11,2024-12-25,CFI ou PPB,0.1,portaria_DesIn,0.1,,,False,False
85447030,cics_8,tecnologia_nacional,2025-05-02,,CFI ou PPB,0.1,portaria_DesIn,0.1,,,True,True
85447090,cics_8,tecnologia_nacional,2025-05-02,,CFI ou PPB,0.1,portaria_DesIn,0.1,,,True,True
85235190,cics_4,tecnologia_nacional,2024-11-11,2024-12-25,CFI ou PPB,0.1,portaria_DesIn,0.1,,,False,False
86069900,cics_8,conteudo_nacional,2025-05-02,,CFI,0.1,,,,,True,True
30021510,cics_7,tecnologia_nacional,2024-12-26,2025-05-01,MedNac,0.05,MedIFANac,0.1,,,False,False
30021520,cics_7,tecnologia_nacional,2024-12-26,2025-05-01,MedNac,0.05,MedIFANac,0.1,,,False,False
84791090,cics_8,conteudo_nacional,2025-05-02,,CFI,0.1,,,,,True,True
85447030,cics_7,tecnologia_nacional,2024-12-26,2025-05-01,CFI ou PPB,0.1,portaria_DesIn,0.1,,,False,False
85447090,cics_7,tecnologia_nacional,2024-12-26,2025-05-01,CFI ou PPB,0.1,portaria_DesIn,0.1,,,False,False
86069900,cics_7,conteudo_nacional,2024-12-26,2025-05-01,CFI,0.1,,,,,False,False
91051900,cics_8,tecnologia_nacional,2025-05-02,,CFI ou PPB,0.1,portaria_DesIn,0.1,,,True,True
84729020,cics_4,tecnologia_nacional,2024-11-11,2024-12-25,CFI ou PPB,0.1,portaria_DesIn,0.1,,,False,False
85044021,cics_4,tecnologia_nacional,2024-11-11,2024-12-25,CFI ou PPB,0.1,portaria_DesIn,0.1,,,False,False
85255023,cics_7,tecnologia_nacional,2024-12-26,2025-05-01,CFI ou PPB,0.1,portaria_DesIn,0.1,,,True,False
85291090,cics_7,tecnologia_nacional,2024-12-26,2025-05-01,CFI ou PPB,0.1,portaria_DesIn,0.1,,,True,False
85299019,cics_7,tecnologia_nacional,2024-12-26,2025-05-01,CFI ou PPB,0.1,portaria_DesIn,0.1,,,True,False
85299030,cics_7,tecnologia_nacional,2024-12-26,2025-05-01,CFI ou PPB,0.1,portaria_DesIn,0.1,,,True,False
85299090,cics_7,tecnologia_nacional,2024-12-26,2025-05-01,CFI ou PPB,0.1,portaria_DesIn,0.1,,,True,False
84729020,cics_8,tecnologia_nacional,2025-05-02,,CFI ou PPB,0.1,portaria_DesIn,0.1,,,True,True
85044021,cics_8,tecnologia_nacional,2025-05-02,,CFI ou PPB,0.1,portaria_DesIn,0.1,,,True,True
85255023,cics_4,tecnologia_nacional,2024-11-11,2024-12-25,CFI ou PPB,0.1,portaria_DesIn,0.1,,,False,False
85291090,cics_4,tecnologia_nacional,2024-11-11,2024-12-25,CFI ou PPB,0.1,portaria_DesIn,0.1,,,False,False
85299019,cics_4,tecnologia_nacional,2024-11-11,2024-12-25,CFI ou PPB,0.1,portaria_DesIn,0.1,,,False,False
85299030,cics_4,tecnologia_nacional,2024-11-11,2024-12-25,CFI ou PPB,0.1,portaria_DesIn,0.1,,,False,False
85299090,cics_4,tecnologia_nacional,2024-11-11,2024-12-25,CFI ou PPB,0.1,portaria_DesIn,0.1,,,False,False
84729020,cics_7,tecnologia_nacional,2024-12-26,2025-05-01,CFI ou PPB,0.1,portaria_DesIn,0.1,,,False,False
85044021,cics_7,tecnologia_nacional,2024-12-26,2025-05-01,CFI ou PPB,0.1,portaria_DesIn,0.1,,,False,False
